,HorseName,Age
0,L051,2
2,L114,2
3,L183,2
4,L186,2
6,L190,2
7,L191,2
8,MASSIVE CONTENDER,3
10,GLITTERING LEGEND,3
11,MAKE YOU SMILE,3
12,SYMBOL OF STRENGTH,3
14,REGAL GEM,3
15,SERAPH GABRIEL,3
16,LE ZONDA,3
18,WINNING OVATION,3
19,BEAUTY BOLT,3
20,HELENE SUPAFEELING,3
22,CHILL EASY,3
23,CIRCUIT GRAND SLAM,3
24,L094,3
26,ENTHUSIUM,3
27,HOTT SHOTT,3
28,SEWARD,3
30,L149,3
31,LOVE TOGETHER,3
32,LOCH TAY,3
34,L112,3
35,RED MAESTRO,3
36,TALENTS TRUMP,3
38,WOLF COMING,3
39,ACE CHAMPION,3
40,DRAGON ON SNOW,3
42,FORZA TORO,3
43,JOKER ORBIT,3
44,REAL GENTLEMAN,3
46,ENACTING,3
47,FAMILY KNIGHT,3
48,FRIENDS OF SHAJING,3
50,L078,3
51,STARRY SHOW,3
52,VECU,3
54,WELL ENOUGH,3
55,GAZELEY,3
56,LIGHT YEARS GLORY,3
58,QUICK MONEY,3
59,THE ALL OUT,3
60,MOTOR,3
62,ALABAMA SONG,3
63,FIVEFORTWO,3
64,CHARITY TOGETHER,3
66,BABIECA,3
67,ABSOLUTE HONOUR,3
68,ALMIGHTY LIGHTNING,3
70,AMO ERGO SUM,3
71,BEST FARM,3
72,BLASTED TALENT,3
74,CAP LINER,3
75,CELESTIAL STRIDER,3
76,CHILL PARTNERS,3
78,CIRCUIT HAPPY,3
79,CLOUD NINE,3
80,COMET RADIANCE,3
82,CONRAD PATCH,3
83,COOL BOY,3
84,CROSSBORDERDUDE,3
86,CURLING TWEET,3
87,ELITE GOLF,3
88,EMBRACE ABERDEEN,3
90,ENCRYPSOM,3
91,E PASSION,3
92,ESCALIBOR,3
94,EVER LUCK,3
95,EXCELLENT BOY,3
96,EXTRAORDINARY GALL,3
98,FALCON HUNTER,3
99,FIELD MARSHAL,3
100,FOREST KING,3
102,FOREVER FANCY,3
103,FOREVER LIFE,3
104,FORTUNE GOLDSADDLE,3
106,GALLANT ASCEND,3
107,GALLANT DESIGN,3
108,GEORGIAN SIGMA,3
110,GIANT BALLON,3
111,GLORIOUS ERA,3
112,GLORIOUS FAFA,3
114,GOLDEN WIN,3
115,GOLD PATCH,3
116,GORGEOUS VICTORY,3
118,GRAND MASTERMIND,3
119,GRAND TURBO,3
120,GREEN FIELD PEARL,3
122,HAPPY BRETHREN,3
123,HAPPY SPECIAL,3
124,HEART INVINCIBLE,3
126,HERE COMES PLUTUS,3
127,HOT DELIGHT,3
128,IMPRESSIVE CHAMP,3
130,JACKSON HABIT,3
131,JOLLY BRILLIANT,3
132,K525,3
134,K571,3
135,KWAI CHUNG TALENTS,3
136,L066,3
138,L101,3
139,L125,3
140,L129,3
142,L137,3
143,L139,3
144,L141,3
146,L142,3
147,L159,3
148,L163,3
150,LEADING AGILITY,3
151,LEADING DRAGON,3
152,LEADING RED STAR,3
154,LEAN GENERAL,3
155,LIGHTNING ACE,3
156,LOVELY MILES,3
158,LUCKY RANGER,3
159,LUCKY SECRET,3
160,LUCRATIVE EIGHT,3
162,MAJESTIC LIFE,3
163,MASSIVE FIRE,3
164,MASSIVE GLORY,3
166,MEGA MASTERMIND,3
167,MIDNIGHT SMILE,3
168,MIGHTY FIGHTER,3
170,MR VERSATILE,3
171,MY TRIUMPH,3
172,ONESHOT,3
174,POET'S REIGN,3
175,POWER PATCH,3
176,PRECISION BLAZE,3
178,PRESTIGE EMPEROR,3
179,RISING ELITE,3
180,RUBY THRIVE,3
182,RULER SWIFT,3
183,RUN RUN SUNRISE,3
184,SALON S,3
186,SALUTE KING PRAWN,3
187,SHANDONG SPIRIT,3
188,SILVER BLAZE,3
190,SLEEP WELL,3
191,SMILING CHAMPION,3
192,SOO KOO,3
194,SPEEDY PATCH,3
195,SPICY BONUS,3
196,SPICY SPEEDY,3
198,STAR ELEGANCE,3
199,STORMY KNIGHT,3
200,SUPERB SPIRIT,3
202,SUPER GOLDENDRAGON,3
203,SUPER MASTERMIND,3
204,SUPREME FEELING,3
206,SUPREME SEA,3
207,TOP MAESTRO,3
208,TURF QUEST,3
210,TURIN CHAMPIONS,3
211,TYCOON EXPRESS,3
212,VICTOR SUPREME,3
214,VOYAGE CAPTAIN,3
215,WINNING CHAMPION,3
216,WORD OF KINDNESS,3
218,ZEPHYR,3
219,JUST FOLLOW ME,3
220,DASHING MAURISON,3
222,HYANNIS STAR,3
223,KIAMA,3
224,MAZING GRACE,3
226,SUPER DRAGON,3
227,ZHOU GONGJIN,3
228,RUN RUN SMART,3
230,EMERGING STAR,3
231,MONEY TYCOON,3
232,YEUX DE LIFELINE,3
234,KING DANCE,3
235,YOUNG FIGHTER,3
236,WIN METHOD,3
238,SPARKLE AND GOLD,3
239,L157,3
240,L162,3
242,L175,3
243,L176,3
244,L177,3
246,L178,3
247,L179,3
248,L180,3
250,L181,3
251,L182,3
252,L184,3
254,L185,3
255,L187,3
256,L188,3
258,L189,3
259,L194,3
260,L196,3
262,L197,3
263,L198,3
264,L199,3
266,L200,3
267,L201,3
268,L202,3
270,L203,3
271,L204,3
272,L205,3
274,L206,3
275,L207,3
276,L208,3
278,L209,3
279,L210,3
280,L211,3
282,L212,3
283,JOHANNES BRAHMS,4
285,LO RIDER,4
286,MASTEROFMYUNIVERSE,4
287,BULB GENERAL,4
289,COLOURFUL KING,4
290,STUNNING PEACH,4
291,SHANWAH,4
293,WINFIELD,4
294,NUMBERS,4
295,MICKLEY,4
297,JUNEAU PRIDE,4
298,PUBLIC ATTENTION,4
299,SAGACIOUS LIFE,4
301,CAMBRIDGE,4
302,PATCH OF STARS,4
303,SKY JEWELLERY,4
305,CELESTIAL HERO,4
306,L168,4
307,LITTLE PARADISE,4
309,ROMANTIC THOR,4
310,CRIMSON FLASH,4
311,CROSSBORDERPEGASUS,4
313,PATCH OF COSMO,4
314,L166,4
315,LA FORZA,4
317,POPE CODY,4
318,ANODE,4
319,MAGNIFIQUE,4
321,SNOWFIELD,4
322,ABSOLUTELY HONEST,4
323,FAST RESPONDER,4
325,GOLDEN CHAMP,4
326,INFINITE RESOLVE,4
327,METRO POWER,4
329,TOP DRAGON,4
330,YOUNG EMPEROR,4
331,AERODYNAMICS,4
333,CHEAHA,4
334,ENTHRALLED,4
335,ETERNAL FORTUNE,4
337,HELENE WARRIOR,4
338,KA YING ATTACK,4
339,MORGAN SUCCESS,4
341,STAR RISE,4
342,CALL ME TOPSEED,4
343,CLASS,4
345,HEAVING,4
346,MEGASTAR HEART,4
347,MIGHTY MASTS,4
349,NAVAL FORCE,4
350,SHAMZ,4
351,WROTE A NEW PAGE,4
353,L170,4
354,LIVEANDLETLIVE,4
355,ON THE WAY,4
357,PANACEA,4
358,SOUTH STAR,4
359,THE UNIQUE STAR,4
361,DAZZLING FIT,4
362,NUCLEOZOR,4
363,BIENVENUE,4
365,GHORGAN,4
366,L152,4
367,LEGEND WINNER,4
369,LOYAL BRIGHT,4
370,LUCKY MY WAY,4
371,REFUSETOBEENGLISH,4
373,STANLEY EXPRESS,4
374,SUPER EXPRESS,4
375,SUPER STRONG KID,4
377,TURIN STARSPANGLED,4
378,AHREN,4
379,CALIFORNIA WAVES,4
381,DOUBLE MONEY,4
382,L172,4
383,MASTER CHAMPION,4
385,PRESTIGE ALWAYS,4
386,SIX THREE WIN,4
387,SKY JOY,4
389,AGENDA,4
390,COLOURFUL GAN,4
391,HOLMES A COURT,4
393,IGOR STRAVINSKY,4
394,KING LOTUS,4
395,L169,4
397,OTOKOMAE,4
398,PEGAS,4
399,QUARTZ LEGEND,4
401,RYUI KOKOROE,4
402,STORMY GROVE,4
403,AKASHVANI,4
405,ALL TOO BRAVE,4
406,ARMOR GOLDEN EAGLE,4
407,A TIME FOR US,4
409,CHICKEN DINNER,4
410,CHILL BUDDY,4
411,E HO HO,4
413,FIERY STEED,4
414,GALACTIC VOYAGE,4
415,GENERAL PATCH,4
417,GREY CHARGER,4
418,INVINCIBLE IBIS,4
419,L150,4
421,L151,4
422,L171,4
423,LUCKY CANDY,4
425,LUCKY TOGETHER,4
426,M M CONCORD,4
427,MR BOLT,4
429,NOVA KNIGHT,4
430,ONE MORE,4
431,ORIGIN OF FORM,4
433,SKY VINO,4
434,STAR SATYR,4
435,TIN FOOK,4
437,URANUS STAR,4
438,WIN BEAUTY VIVA,4
439,AKERMANIS GOLD,4
441,ALPHA STRIKE,4
442,ALWAYS AHEAD,4
443,BIGTIME GENERATION,4
445,BLUE ILLUSION,4
446,CALIFORNIA BLUES,4
447,CAPTAIN LINK,4
449,CITY GOLD BANNER,4
450,CORNERSTONE,4
451,DANICA'S CHOICE,4
453,FLUORESCENCE,4
454,FLYING FORTUNE,4
455,FORZA LEADER,4
457,GRATIFIDE,4
458,GREATER BAE,4
459,KING OF SELECTION,4
461,L092,4
462,L116,4
463,L167,4
465,L173,4
466,L174,4
467,LET'S HAVE FUN,4
469,LIGHTNESS OF BEING,4
470,LUCKY XANDER,4
471,MAGNEMITE,4
473,MATZDEN,4
474,PI LEGEND,4
475,PRAY FOR JUSTICE,4
477,REAL TIME,4
478,RIDING TOGETHER,4
479,SCORCHING LEGEND,4
481,SMART AVENUE,4
482,TAOGETHER,4
483,THUNDER KIT,4
485,TOURBILLON WHIP,4
486,VERMILION TEMPEST,4
487,WITHOUT RHYME,4
489,COSMO,4
490,MISSION GIANT,4
491,NOT USUAL PICK,4
493,SHAMUS STORM,4
494,SUPERB KING,4
495,AUTOMATED,4
497,COPARTNER FLEET,4
498,IGOT,4
499,KINGDOM OF RICHES,4
501,LEGENDARY YEARS,4
502,LOOKING BRIGHT,4
503,LUCKY TWIN STARS,4
505,ONE MAN SHOW,4
506,OSI HONOUR,4
507,THE RED HARE,4
509,THRIVING BROTHERS,4
510,VERY GRATEFUL,4
511,COLOURFUL KNIGHT,4
513,FLYING KNIGHT,4
514,FORTUNE BOY,4
515,JUSTIFYING,4
517,LIGHTNESS OF MUSIC,4
518,MATTERS MOST,4
519,NEZHA,4
521,NORTHERN FIRE BALL,4
522,RISING FORCE,4
523,THE REVOLUTION,4
525,THOUSAND SPIRIT,4
526,TOP TIME,4
527,BLAZING WUKONG,4
529,ETALON OR,4
530,MOON ROCKET,4
531,MR COOL,4
533,SIR CHARGE,4
534,SKY CAP,4
535,SPANISH FLAME,4
537,SPICY STANDARD,4
538,AEROVOLANIC,4
539,ENDUED,4
541,FLOWING RICHES,4
542,LUCKY TWENTY,4
543,LUNAR DASH,4
545,PACKING PHOENIX,4
546,PRESTIGE RICKY,4
547,SUPREME MASTERMIND,4
549,VOYAGE BOSS,4
550,WITH A SMILE,4
551,FRANCIS MEYNELL,4
553,MOUNT EVEREST,4
554,PERFECTDAY,4
555,SKY DEEP,4
557,SOLID CAR,4
558,TOP THRONE,4
559,WUKONG JEWELLERY,4
561,CALIFORNIA BAY,4
562,SZERYNG,4
563,TARGET AUDIENCE,4
565,TRULY FLUKE,4
566,ALL ROUND WINNER,4
567,BEAUTY VIVA,4
569,CHEVAL VICTORIOUS,4
570,EMBLAZON,4
571,FORTUNE SUPERNOVA,4
573,KOLACHI,4
574,WATCH THIS ONE,4
575,ALL'S WELL,4
577,RAGGA BOMB,4
578,SAVVY WARRIOR,4
579,TOURBILLON GOLFER,4
581,BIG RETURN,4
582,FAST SPEED,4
583,MEANINGFUL DRAGON,4
585,MEGA FORCE,4
586,VICTORY CHAMPION,4
587,AMAZING GAZE,4
589,KA YING GLORY,4
590,LUCKY SAM GOR,4
591,SEA EMERALD,4
593,STRANGE ALERT,4
594,WITHOUT DELAY,4
595,ACA FAST,4
597,ACTIVE SOLAR,4
598,ADORABLE SMILE,4
599,AMAZING PARTNERS,4
601,AQUAMAN,4
602,BLOSSOMY,4
603,BRAVE WIN,4
605,BRIGHT MORTAR,4
606,BROWNNEEDSFURTHER,4
607,BULB GLORY,4
609,CALL ME SUCCESS,4
610,CHATER FLASH,4
611,CHEERFUL WONGCHOY,4
613,CHINA WIN,4
614,CIRCUIT BUBU,4
615,CIRCUIT CHAMPION,4
617,CIRCUIT GOGO,4
618,CIRCUIT MARSHAL,4
619,CLEANSWEEPER,4
621,DERRYNBLUE,4
622,DIVINE LUNA,4
623,DRAGON HALL,4
625,DUKE OF ORANGE,4
626,EASY DOES IT,4
627,EXCEPTIONAL SANTOS,4
629,FLOWING,4
630,FLOW WATER FLOW,4
631,FLYING BOOM,4
633,FLYING CHRISTIE,4
634,FORTUNE KINGO,4
635,FULL OF LAUGHTER,4
637,GASTRONOMIQUE,4
638,GENERAL REDWOOD,4
639,GET FRIENDLY,4
641,GLORIASTAR,4
642,GLORIOUS ST PAUL'S,4
643,GOLDEN DREAM,4
645,GOLDEN FORTUNE,4
646,GOLDEN TRIUMPH,4
647,GOOD LUCK HAPPY,4
649,HAPPY ALLIANCE,4
650,HAPPY BOSS,4
651,HARMONY N HOPE,4
653,HEALTHY PONY,4
654,HIGH RISE VICTORY,4
655,HONEST WITNESS,4
657,HONORARY,4
658,HOT AIR BALLON,4
659,I AM BACK,4
661,I EXCELLE,4
662,IMPENDING LEGACY,4
663,JIMSON DE TREASURE,4
665,JOY CAPITAL,4
666,JUBILANT STAR,4
667,JUBILATION FOR ALL,4
669,JUMBO BLESSING,4
670,JUSTIFY YOURSELF,4
671,KING CANNON,4
673,KYRUS TREASURE,4
674,LEATHER GOODS,4
675,LITTLE MONSTER,4
677,LUCK SMILES,4
678,LUCKY PLUS,4
679,MABUBU,4
681,MADE FOR LIFE,4
682,MAGIC SUPER,4
683,MAJESTIC VALOUR,4
685,MALPENSA,4
686,MASTER LUCKY,4
687,MASTER RESOLUTE,4
689,MR DESIRA,4
690,MY WYNDFALL,4
691,NEVER SETTLE,4
693,NYX GLUCK,4
694,ONE LOVE,4
695,PACKING GLORY,4
697,PACKING KING,4
698,PARROT BLESSING,4
699,PRECISION HOPE,4
701,PRESTIGE HALL,4
702,PRIDE BELIEVER,4
703,PROUD BOX,4
705,RAINBOW WARRIOR,4
706,RED BRICK WARRIOR,4
707,REGENCY DREAM,4
709,REGROWTH WINNER,4
710,RELIABLE DAD,4
711,RISING FROM EAST,4
713,ROBOT LUCKY STAR,4
714,ROBOT STAR,4
715,RUSSET GLOW,4
717,SEA DIAMOND,4
718,SHINRA TENSEI,4
719,SHOOTING TO TOP,4
721,SIGHT HERMOSO,4
722,SKY PHOENIX,4
723,SMART GOLF,4
725,SOARING STEED,4
726,SOLO LEVELLING,4
727,SO MY FOLKS,4
729,SPLENDID FORCE,4
730,SUPERIOR GIFT,4
731,SUPREME VOYAGER,4
733,THE COSMIC POWER,4
734,THE PROMISE,4
735,TORVEIN,4
737,TURQUOISE VELOCITY,4
738,VIEW OF COSMOS,4
739,VIGOR EYE,4
741,VIVA FIRECRACKER,4
742,WARRIORS DREAM,4
743,WHOWROTETHATSONG,4
745,WINNING NOW,4
746,WORLDWIDE,4
747,YOUNG BRAVO,4
749,ZENITH ASCEND,4
750,ZETA HEDGE,4
751,ZOUPER FELLOW,4
753,ARGENTO OCEAN,4
754,AUDACIOUS PURSUIT,4
755,CALIFORNIA MOXIE,4
757,CIRRUS SPEED,4
758,CONRAD THE GREAT,4
759,DECISION LINK,4
761,GOLDEN BRILLIANT,4
762,LAHORE,4
763,LUCKY FIELD,4
765,LUCKY YEAR,4
766,MING SUPREME,4
767,OLDTOWN,4
769,OWNERS' SUNSHINE,4
770,PERIDOT,4
771,RAINBOW SEVEN,4
773,RISING PHOENIX,4
774,SMART FAT CAT,4
775,SMILING ONE,4
777,STRAIGHT TO GLORY,4
778,TAI VICTORY,4
779,THE ALL ROUNDER,4
781,VIRTUOUS PHANTOM,4
782,WATCH THE FORT,4
783,WINNING CIGAR,4
785,WORLD HERO,4
786,YOUNG LEGACY,4
787,BULLION BLITZ,4
789,DR GOLDEN GENERAL,4
790,FIT FOR BEAUTY,4
791,GENIUS BABY,4
793,INCANTO STAR,4
794,INCREDIBLE MOMENT,4
795,KA YING RESILIENCE,4
797,PEJIBAYE,4
798,STAR FIGURE,4
799,THE GOLDEN KNIGHT,4
801,A LA CHAMP,4
802,CALIFORNIA BANNER,4
803,CALIFORNIA BLITZ,4
805,CIRCUIT CENTURY,4
806,FLYING AMANI,4
807,GLORIOUS KINGDOM,4
809,GREAT LEGACY,4
810,HAPPY BUDDIES,4
811,HERO SPARK,4
813,INNO SUPER,4
814,INVICTUS DRAGON,4
815,LIGHTNING ARROW,4
817,MASTER OF HUMOR,4
818,SMILING FALCON,4
819,THE AUSPICIOUS,4
821,VIVA TASTE,4
822,ANGELIC,4
823,AUTUMN VIBES,4
825,BETTER AND BETTER,4
826,BULLISH PRIDE,4
827,CALIFORNIA STAR,4
829,JUICY DRAGON,4
830,LOVEISINTHEAIR,4
831,MISSION STRIKE,4
833,NAMJONG KINGDOM,4
834,SUPERB GUY,4
835,SUPER UNIVERSAL,4
837,WINNING DIAMOND,4
838,ACE,4
839,BASIC INSTINCT,4
841,BIG STRIDE,4
842,CALIFORNIA SUN,4
843,CASA RUBICK,4
845,COME FAST FAY FAY,4
846,DASH,4
847,DIRIYA,4
849,EVERYONE'S GALLOP,4
850,FLASH STAR,4
851,FORTUNE STAR,4
853,GALLANT REX,4
854,GLORIOUS RYDER,4
855,GO GENERAL,4
857,GOR GOR,4
858,KING VICTOR,4
859,POWER SUMMIT,4
861,ROMAN CROWN,4
862,RUNJEET,4
863,SANDMAN,4
865,TEAM TEAM FOLKS,4
866,TOP TO SKY,4
867,VIVACIOUS WIN,4
869,CONSPIRACY WITNESS,4
870,DASHING DRAGON,4
871,KA YING RADIANCE,4
873,NOBLE FANS,4
874,VON BAER,4
875,AMAZING KID,4
877,HAPPY ACTION,4
878,LUCKY MCQUEEN,4
879,ONE AND ONLY,4
881,REWARDING BUDDY,4
882,ROMANTIC PARTY,4
883,SUGAR QUEEN PRAWN,4
885,SUPER PACE,4
886,TIME TO FIRE,4
887,YOUNG STRIKER,4
889,APPEALING CITY,4
890,BEAUTY THUNDER,4
891,BLAZING BEAM,4
893,LOOKS OUTSTANDING,4
894,LUCKY KING,4
895,QUICK CONTRIBUTION,4
897,REWARDING TWINKLE,4
898,SONIC PURSUIT,4
899,STAR BROSE,4
901,STORMI,4
902,SUNNY SING SPIRIT,4
903,WINNING MACHINE,4
905,BULL ATTITUDE,4
906,METAL KING,4
907,NO OTHER CHOICE,4
909,SMART ENGINEER,4
910,SMILING EMPEROR,4
911,SNOWTHORN,4
913,TURF PHOENIX,4
914,WISEMAN,4
915,BILLION TWO,4
917,GLACIATED,4
918,HAPPY BOYS,4
919,JOLLY JUMPER,4
921,LUCKY STATEMENT,4
922,MAJESTIC DELIGHT,4
923,PERPETUAL POWER,4
925,RATTAN GALAXY,4
926,SHOTGUN,4
927,SOMELOVEFROMABOVE,4
929,SUPER SICARIO,4
930,ACE WAR,4
931,CELESTIAL PATCH,4
933,GOLDEN FRIENDSHIP,4
934,SOLAR RIVER,4
935,THUNDER BLINK,4
937,BLING BLING GENIUS,4
938,GENERAL SMART,4
939,HANDSOME BLOND,4
941,IRON LEGION,4
942,JOYFUL TREASURE,4
943,KING ALLOY,4
945,SOMETHING JONAH,4
946,STORM RUNNER,4
947,CASHISCASH,4
949,HAILTOTHEVICTORS,4
950,LEGEND STAR,4
951,NIGHT PUROSANGUE,4
953,RADIANT SWIFT,4
954,RICH HORSE,4
955,ALWAYS MY FOLKS,4
957,CHILL MASTER,4
958,GOOD PROSPECT,4
959,LOADED WITH FLUKE,4
961,DIVINE MOONLIGHT,4
962,WAH MAY WAI WAI,4
963,NOBLE DELUXE,4
965,DECRELOT,4
966,DRAGON SUNRISE,4
967,LUCKY BLESSING,4
969,SANTORINI,4
970,RUN YES RUN,4
971,CONCORDE STAR,4
973,BRAVE OF FRIENDS,4
974,SUPREME WINNER,4
975,L192,4
977,L193,4
978,L195,4
979,KA YING RISING,5
981,BEAUTY WAVES,5
982,MY WISH,5
983,CHANCHENG GLORY,5
985,FAST NETWORK,5
986,CAP FERRAT,5
987,ENSUED,5
989,PACKING HERMOD,5
990,MASSIVE SOVEREIGN,5
991,RUBYLOT,5
993,WUNDERBAR,5
994,BUNDLE AWARD,5
995,DIVANO,5
997,MAGIC CONTROL,5
998,PRAY FOR MIR,5
999,BOTTOMUPTOGETHER,5
1001,LIGHT YEARS CHARM,5
1002,HONG LOK GOLF,5
1003,CALIFORNIATOTALITY,5
1005,INVINCIBLE SHIELD,5
1006,GORGEOUS WIN,5
1007,YOUNG CHAMPION,5
1009,HELENE FEELING,5
1010,KAHOLO ANGEL,5
1011,MARKWIN,5
1013,PACKING ANGEL,5
1014,GLORY ELITE,5
1015,SOLEIL FIGHTER,5
1017,AURORA LADY,5
1018,HORSEPOWER,5
1019,STEPS AHEAD,5
1021,TALENTS AMBITION,5
1022,GUSTOSISIMO,5
1023,STELLAR EXPRESS,5
1025,CALL ME GLORIOUS,5
1026,NOISY BOY,5
1027,KA YING GENERATION,5
1029,MID WINTER WIND,5
1030,SKY TRUST,5
1031,AERIS NOVA,5
1033,BEAUTY CRESCENT,5
1034,FALLON,5
1035,JAMES TAK,5
1037,BRILLIANT EXPRESS,5
1038,CHATEAUNEUF,5
1039,DRAGON FOUR SEAS,5
1041,EMBRACES,5
1042,STORM RIDER,5
1043,WINNING GOLD,5
1045,BEAUTY ALLIANCE,5
1046,GENTLEMEN LEGACY,5
1047,MOJAVE DESERT,5
1049,SIX PACK,5
1050,HIGHLAND RAHY,5
1051,LUCY IN THE SKY,5
1053,MUST GO,5
1054,SAVVY BRILLIANT,5
1055,FAMILY JEWEL,5
1057,LIFELINE EXPRESS,5
1058,SKY HEART,5
1059,THE BOOM BOX,5
1061,YUEN LONG ELITE,5
1062,DEFINITIVE,5
1063,FLYING FORTRESS,5
1065,MONDIAL,5
1066,STORMING DRAGON,5
1067,YOUNG ACHIEVER,5
1069,GENEVA,5
1070,PAKISTAN LEGACY,5
1071,GOLD MASTER,5
1073,DRAGON AIR FORCE,5
1074,EVERYONE'S STAR,5
1075,GRACIOUS EXPRESS,5
1077,NEW FUTURE FOLKS,5
1078,SILVERY BREEZE,5
1079,SOVEREIGN FUND,5
1081,CHARMING LEGEND,5
1082,MAJESTIC EXPRESS,5
1083,ANOTHER WORLD,5
1085,KEEN MOLLY,5
1086,PRESTIGE GOOD,5
1087,SO WE SING,5
1089,WINNING WING,5
1090,ANOTHER ZONDA,5
1091,CASA OF HONOR,5
1093,EXCELLENCE VALUE,5
1094,GIANT LEAP,5
1095,HAROLD WIN,5
1097,LIM'S SHAVANO,5
1098,MASK RIDER,5
1099,SILO,5
1101,TRIUMPHANT MORE,5
1102,YOUNG SUPERSTAR,5
1103,ENDEARED,5
1105,JUMBO TREASURE,5
1106,KEMPES,5
1107,MR ENERGIA,5
1109,PARENTS' LOVE,5
1110,SUNNY DA BEST,5
1111,SUPER INFINITY,5
1113,CHARITY GAIN,5
1114,CHILL KAKA,5
1115,DRAGON JOY,5
1117,FLYING LUCK,5
1118,LO PAN SPIRIT,5
1119,MAX QUE,5
1121,NEVER PETER OUT,5
1122,NEW FOREST,5
1123,TACTICAL VICTORY,5
1125,FLASH CURRENT,5
1126,HARMONY GALAXY,5
1127,MASTER TRILLION,5
1129,MIGHTY STRENGTH,5
1130,PRESTIGE SUPERIOR,5
1131,WIN EASE,5
1133,CAMP LAND,5
1134,CANDLELIGHT DINNER,5
1135,KING MILES,5
1137,ROMANTIC SON,5
1138,SPIRIT OF PEACE,5
1139,SUPER LEGENDS,5
1141,TOP GUN,5
1142,VIEW OF THE WORLD,5
1143,YOUNG ARROW,5
1145,BLAZING WIND,5
1146,ETERNAL RICHNESS,5
1147,FUN N FUN TOGETHER,5
1149,GORGEOUS RISING,5
1150,HERBAL STAR,5
1151,MIGHTY COMMANDER,5
1153,SOLID WIN,5
1154,WITHALLMYFAITH,5
1155,ALSONSO,5
1157,CASA ROCHESTER,5
1158,FATAL BLOW,5
1159,STELLAR SWIFT,5
1161,SUPER JOY N FUN,5
1162,VICTOR THE RAPID,5
1163,VICTORY SKY,5
1165,KING OF FIGHTERS,5
1166,MONARCH COUNTY,5
1167,AURORA PATCH,5
1169,FUN ELITE,5
1170,MIGHTY STEED,5
1171,MY DAY MY WAY,5
1173,SPARKLING FELLOW,5
1174,THE ABSOLUTE,5
1175,YEE CHEONG GLORY,5
1177,CHARMING BABE,5
1178,DO YOUR PART,5
1179,EVERSTAR,5
1181,LUCKY SYMPHONY,5
1182,MARVEL AND GOLD,5
1183,TIER FLY,5
1185,GOOD LUCK BABE,5
1186,KING PROFIT,5
1187,THE AZURE,5
1189,THE LION KING,5
1190,DANCING CLASSICS,5
1191,FORTUNE WHISKEY,5
1193,GREAT STATE,5
1194,LEAN MASTER,5
1195,MASTER PHOENIX,5
1197,SUNDAY'S SERENADE,5
1198,CITY THUNDER,5
1199,LUCK IS BACK,5
1201,NEW POWER,5
1202,SEA CHARIOT,5
1203,SHANGHAI STYLE,5
1205,STAR GLOW,5
1206,SUPER SIXTY,5
1207,WAVE GARDEN,5
1209,ALLCASH,5
1210,AURIO,5
1211,FLYING TING LOK,5
1213,FLYING WROTE,5
1214,GOLDENTRONICMIGHTY,5
1215,NATURAL HIGH,5
1217,SHINYU KOKOROE,5
1218,THE PERFECT MATCH,5
1219,AMAZING AWARD,5
1221,FORTUNATE SON,5
1222,MATSU VICTOR,5
1223,PERFECT GENERAL,5
1225,REZEKI,5
1226,STAR PERFORMER,5
1227,SUPREME AGILITY,5
1229,BUCEPHALAS,5
1230,GOOD GOOD,5
1231,GRAND NOVA,5
1233,ACE POWER,5
1234,AEROINVINCIBLE,5
1235,GALLANT EPOCH,5
1237,JUBILANT WINNER,5
1238,MEOWTH,5
1239,MOTOMAN,5
1241,RAGING RAPIDS,5
1242,TAKE ACTION,5
1243,UP WITH CHARM,5
1245,VULCANUS,5
1246,WRITTEN CASA,5
1247,ABSOLUTE LUCKY,5
1249,FREE PONY,5
1250,LOVING VIBES,5
1251,PEARL OF PANG'S,5
1253,SUPER LOVE,5
1254,SWAGGER BRO,5
1255,BITS SUPERSTAR,5
1257,CORLEONE,5
1258,DASHING PAL,5
1259,FANTASTIC FUN,5
1261,GREAT LOOKING,5
1262,MANAPHY,5
1263,SIGHT HAPPY,5
1265,THUNDER PRINCE,5
1266,ABSOLUTE AWAKENED,5
1267,CALL TO COMMAND,5
1269,ENJOY GOLF,5
1270,EXCEL WONGCHOY,5
1271,KINGLY DEMEANOR,5
1273,CIRCUIT DUFFY,5
1274,CONSPIRATOR,5
1275,GIMME FIVE,5
1277,GOOD CHAP,5
1278,GREAT SPIRIT,5
1279,GROOVY FEELING,5
1281,ICONICAL,5
1282,LEGENDARY IMPACT,5
1283,OCEAN IMPACT,5
1285,SPEEDY TRIDENT,5
1286,BOWSER,5
1287,BUNTA BABY,5
1289,MULTIDUTCH,5
1290,SPICY SPANGLE,5
1291,SUNNY Q,5
1293,VIGOR ELLEEGANT,5
1294,YOUTH POWER,5
1295,HAPPY PARK,5
1297,HAPPY SHOOTER,5
1298,HINOKAMI KAGURA,5
1299,JOYFUL PROSPERITY,5
1301,KNOW AT HEART,5
1302,LUCKY MAN,5
1303,POSITIVE SMILE,5
1305,DILBAGH,5
1306,RUBY SAILING,5
1307,WINNING MONEY,5
1309,CARRYON SMILING,5
1310,I P O BROS,5
1311,ISLAND BUDDY,5
1313,NEWBORN MIRACLE,5
1314,SIGHT DREAMER,5
1315,SILVER SPURS,5
1317,THOUSAND CUPS,5
1318,WIN SPEED,5
1319,YODA'S CHOICE,5
1321,DAY DAY VICTORY,5
1322,EXCEED THE WISH,5
1323,GALE SAGA,5
1325,HAKKA RADIANCE,5
1326,ISLAND BREEZES,5
1327,ROBOT KNIGHT,5
1329,SAVVY TWINKLE,5
1330,SIGHT SUPREME,5
1331,SMART TRIO,5
1333,TELECOM POWER,5
1334,ZETTA FORCE,5
1335,CLUB ACE,5
1337,DREAMING WINNER,5
1338,ELEGANT LIFE,5
1339,FIREFOOT,5
1341,LAKESHORE HERO,5
1342,SOARING BRONCO,5
1343,COUNTRY DANCER,5
1345,HAPPYDEARHAPPYDEER,5
1346,NEBRASKAN,5
1347,TOY SOLTERO,5
1349,COLOURFUL WINNER,5
1350,HANDSOME BOMB,5
1351,ROMANTIC FANTASY,5
1353,ROSEWOOD FLEETFOOT,5
1354,BEAUTY FORMULA,5
1355,CIRCUS REEL,5
1357,INNO CENTURY,5
1358,MR JUSTICE,5
1359,NOTTHESILLYONE,5
1361,QINGYUAN STAR,5
1362,SKY SONG,5
1363,VIEW ALL THINGS,5
1365,BLUE BARON,5
1366,KING SHOW,5
1367,BEAUTIFUL WIN,5
1369,CELESTIAL HARMONY,5
1370,CRAZY TREASURE,5
1371,HE WAS YOU,5
1373,RACINGRACE,5
1374,RIDING HIGH,5
1375,SHINE BRIGHT,5
1377,YEE CHEONG RAIDER,5
1378,MY FLYING ANGEL,5
1379,ORIENTAL SURPRISE,5
1381,RUN RUN TIMING,5
1382,COSMO LIGHT,5
1383,FORTUNE RACER,5
1385,VERBIER,5
1386,NOBLE GO,5
1387,SUPER CHARIZZARD,5
1389,TRIUMPHANT WARRIOR,5
1390,BRILLIANT FIRE,5
1391,TEAM HAPPY,5
1393,DRACO,5
1394,BINGO BABE,5
1395,FOREMOST TEDDY,5
1397,HE WAS ME,5
1398,CHATEAU LE PECHE,5
1399,PHANTOM CYCLONE,5
1401,THE CONCENTRATION,5
1402,CAMP FIRE,5
1403,MANYTHANKS FOREVER,5
1405,SMASHING EXPRESS,5
1406,ALL EYES ON ME,5
1407,APOLAR FIGHTER,5
1409,FAMILY FORTUNE,5
1410,SPORTIC WARRIOR,5
1411,TAIHANG SCENERY,5
1413,WISDOM STAR,5
1414,DOUBLE BINGO,5
1415,PERFECTO MOMENTS,5
1417,THE WAY WE WIN,5
1418,HARRY'S HERO,5
1419,KA YING POWER,5
1421,LUCKY GENERATIONS,5
1422,ON THE LASH,5
1423,FUNG,5
1425,SONIC BOOM,5
1426,EVER SMART,5
1427,HELIOS EXPRESS,6
1429,GALAXY PATCH,6
1430,RED LION,6
1431,COPARTNER PRANCE,6
1433,HAPPY TOGETHER,6
1434,PATCH OF THETA,6
1435,RAGING BLIZZARD,6
1437,INVINCIBLE SAGE,6
1438,MOMENTS IN TIME,6
1439,SUNLIGHT POWER,6
1441,GREEN N WHITE,6
1442,CHILL CHIBI,6
1443,SELF IMPROVEMENT,6
1445,LADY'S CHOICE,6
1446,CAPITAL DELIGHT,6
1447,TAJ DRAGON,6
1449,ENCOUNTERED,6
1450,DROMBEG BANNER,6
1451,VOYAGE SAMURAI,6
1453,SING DRAGON,6
1454,RED ELEGANCE,6
1455,SPEED DRAGON,6
1457,SUPERB CAPITALIST,6
1458,CHIU CHOW SPIRIT,6
1459,PACKING BOLE,6
1461,HUGE WAVE,6
1462,SWIFT ASCEND,6
1463,AWESOME FLUKE,6
1465,BRAVEHEARTS,6
1466,JOY OF SPRING,6
1467,YOUTHFUL SPIRITS,6
1469,SUPERB KID,6
1470,FLAMING RABBIT,6
1471,FLAMINGO TRILLION,6
1473,GUMMY GUMMY,6
1474,KYRUS DRAGON,6
1475,I CAN,6
1477,WINGS OF WAR,6
1478,WONDERSTAR,6
1479,SPICY GOLD,6
1481,SOLID SHALAA,6
1482,TURIN MASCOT,6
1483,AESTHETICISM,6
1485,MASTER OF ALL,6
1486,LOVERO,6
1487,MISTER DAPPER,6
1489,VIVA GRACIOUSNESS,6
1490,ARMOUR WAR EAGLE,6
1491,HAYDAY,6
1493,OUTGATE,6
1494,STURDY RUBY,6
1495,THE BEST PEACH,6
1497,BEAUTY INFINITY,6
1498,NOBLE PURSUIT,6
1499,SUGAR BALL,6
1501,DEVAS TWELVE,6
1502,IVY LEAGUE,6
1503,STAR MAC,6
1505,KA YING SUPERB,6
1506,MAGNIFICENT NINE,6
1507,SPORTS LEGEND,6
1509,LUCKY PLANET,6
1510,HEALTHY HEALTHY,6
1511,TACTICAL COMMAND,6
1513,FIND MY LOVE,6
1514,GLORIOUS SUCCESS,6
1515,QUANTUM PATCH,6
1517,THESIS,6
1518,WE CAN PARTY,6
1519,YOUNG BRILLIANT,6
1521,GLORY B,6
1522,SHARPEN BRIGHT,6
1523,NORTHERN BEAST,6
1525,PACKING HURRICANE,6
1526,SUPER UNICORN,6
1527,CALIFORNIA DEEPLY,6
1529,CHAIN OF GOLD,6
1530,DENFIELD,6
1531,FASHION LEGEND,6
1533,FIGHTING MACHINE,6
1534,THE HEIR,6
1535,FRANTANCK,6
1537,GIDDY UP,6
1538,ILLUMINOUS,6
1539,SMART FIGHTER,6
1541,TOP PEAK,6
1542,WINNING DATA,6
1543,FORERUNNER,6
1545,GOOD LUCK WIN,6
1546,PLENTIFUL,6
1547,BRIGHT DAY,6
1549,BRIGHT INHERITANCE,6
1550,MONTA FRUTTA,6
1551,PING HAI COMET,6
1553,STRATHPEFFER,6
1554,YEE CHEONG SPIRIT,6
1555,AMAZING FUN,6
1557,GLORIOUS JOURNEY,6
1558,GOLDEN DARCI,6
1559,GOOD FORTUNE,6
1561,HAPPY UNIVERSE,6
1562,HONG KONG HALL,6
1563,SMART CITY,6
1565,CRYSTAL POWERFUL,6
1566,DAILY TROPHY,6
1567,FORTUNE WARRIOR,6
1569,HAPPY UNITED,6
1570,SERANGOON,6
1571,VOLCANIC SPARK,6
1573,GAMEPLAYER ELITE,6
1574,MAGIC COSMOS,6
1575,PATCH OF TIME,6
1577,PERFECT PAIRING,6
1578,I AM THE BOSS,6
1579,JOLLY COMPANION,6
1581,SEA SAPPHIRE,6
1582,FLOOF,6
1583,SECOND TO NONE,6
1585,KING GLORIOSO,6
1586,KING OBERON,6
1587,SILVER UP,6
1589,AMAZING DUCK,6
1590,FIGHT TIME,6
1591,GOLDEN LUCK,6
1593,SIMPLE HEDGE,6
1594,SPECIAL HEDGE,6
1595,DOUBLE WIN,6
1597,MEEPMEEP,6
1598,CELTIC TIMES,6
1599,PATCH OF WATCH,6
1601,CIRCUIT VICTORY,6
1602,SHINKANSEN,6
1603,STERLING WONGCHOY,6
1605,YIU CHEUNG VICTORY,6
1606,BEAUTY MISSILE,6
1607,CIRCUIT FIERY,6
1609,ONLY U,6
1610,RAGNARR,6
1611,SPANGLE FORTUNE,6
1613,SPEEDY SMARTIE,6
1614,ALWAYS FLUKE,6
1615,ATOMIC BEAUTY,6
1617,BRAVE WITNESS,6
1618,GLORY CLOUD,6
1619,COURIER MAGIC,6
1621,FURY AND GOLD,6
1622,ALL ARE MINE,6
1623,NINJA DERBY,6
1625,WINNING HEART,6
1626,SMART BEAUTY,6
1627,SPICY SO SMART,6
1629,WINDICATOR FAMILY,6
1630,SUNNY DARLING,6
1631,WOODFIRE CHAMP,6
1633,CHEER FOR SOUTH,6
1634,COSMO NAVIGATOR,6
1635,LITTLE FAIRY,6
1637,VIVA CHALEUR,6
1638,TALENTS SUPREMO,6
1639,LEATHER MASTER,6
1641,ISLAND GOLDEN,6
1642,SILVER KING,6
1643,GO GO GO,6
1645,SUPER ELITE,6
1646,MODEST GENTLEMAN,6
1647,GLORIOUS EXPERT,6
1649,MR ALADDIN,6
1650,MR GOOD VIBES,6
1651,GANGNAM STAR,6
1653,MACANESE MASTER,6
1654,STRONGEST BOY,6
1655,LAPRAS,6
1657,ROMANTIC WARRIOR,7
1659,VOYAGE BUBBLE,7
1660,LUCKY SWEYNESSE,7
1661,STRAIGHT ARRON,7
1663,BEAUTY ETERNAL,7
1664,SWORD POINT,7
1665,VICTOR THE WINNER,7
1667,MUGEN,7
1668,TOMODACHI KOKOROE,7
1669,DANCING CODE,7
1671,SON PAK FU,7
1672,LA CITY BLANCHE,7
1673,BABY CRYSTAL,7
1675,MR ASCENDENCY,7
1676,JUMBO LEGEND,7
1677,KEEFY,7
1679,WHIZZ KID,7
1680,KARMA,7
1681,WONDER KIT,7
1683,TOURBILLON PRINCE,7
1684,BRAVE STAR,7
1685,POWER KOEPP,7
1687,PERFECT TEAM,7
1688,ATULLIBIGEAL,7
1689,STAR CONTACT,7
1691,A AMERIC TE SPECSO,7
1692,ARIEL,7
1693,BUNDLE OF CHARM,7
1695,GOLDEN EMPIRE,7
1696,ROMANTIC LAOS,7
1697,S J TOURBILLON,7
1699,LUCKY EIGHT,7
1700,PRECISION GOAL,7
1701,SUGAR SUGAR,7
1703,SUPERB BOY,7
1704,SURE JOYFUL,7
1705,GOKO WIN,7
1707,EIGHTY LIGHT YEARS,7
1708,FUN TOGETHER,7
1709,RELIABLE PROFIT,7
1711,AMAZING VICTORY,7
1712,BEAUTY GLORY,7
1713,SAMARKAND,7
1715,CHARMING STEED,7
1716,SWEET BRIAR,7
1717,FOREVER GLORIOUS,7
1719,TO INFINITY,7
1720,CAN'T GO WONG,7
1721,FOREVER FOLKS,7
1723,HEROIC MASTER,7
1724,PRINCE ALEX,7
1725,KA YING WARRIOR,7
1727,SAME TO YOU,7
1728,MANAGEMENT FOLKS,7
1729,OUR LUCKY GLORY,7
1731,LESLIE,7
1732,DAN ATTACK,7
1733,HAPPY HORSE,7
1735,PERFECT PEACH,7
1736,GOLDEN FAIRY,7
1737,PANDA LEGEND,7
1739,YOUNG HORIZON,7
1740,GOLD TACK,7
1741,PODIUM,7
1743,EURO ROCKS,7
1744,CASA LEGEND,7
1745,COOL BLUE,7
1747,DOUBLE SHOW,7
1748,YEABOI,7
1749,LUCKY WITH YOU,8
1751,WINNING DRAGON,8
1752,WE ARE HERO,8
1753,THE GOLDEN SCENERY,8
1755,ROCKET SPADE,8
1756,RISING FROM ASHES,8
1757,MONEY CATCHER,8
1759,NEARLY FINE,8
1760,NEVER TOO SOON,8
1761,MEGA BONUS,8
1763,PHOENIX LIGHT,8
1764,SOLID IMPACT,8
1765,HARMONY FIRE,8
1767,TURIN WARRIOR,8
1768,AWESOME TREASURE,8
1769,SERGEANT PEPPER,8
1771,SETANTA,8
1772,KASA PAPA,8
1773,TSUEN WAN GLORY,8
1775,YOU'REMYEVERYTHING,8
1776,SUPER HONG KONG,8
1777,BEAUTY JOY,9
1779,HEALTHY HAPPY,9
1780,TELECOM FIGHTERS,9
1781,HARMONY N BLESSED,9
1783,EXCELLENT DADDY,9
1784,COLONEL,9
