HorseName,LastRaceDate,Frequency
A AMERIC TE SPECSO,2025-10-08,2
A LA CHAMP,2025-06-28,0
A PAL,2023-07-12,0
A SHIN FENCER,2025-04-27,0
ABOVE,2023-07-12,0
ABOVE ALL,2023-07-12,0
ABSOLUTE AWAKENED,2025-10-04,2
ABSOLUTE HONOUR,2025-10-08,3
ABSOLUTE LUCKY,2025-09-28,1
ABSOLUTE SUNSHINE,2024-06-26,0
ACA POWER,2024-12-18,0
ACCELERANDO,2022-12-18,0
ACCOLADE START,2025-05-28,0
ACE,2025-06-08,0
ACE CHAMPION,2025-07-01,0
ACE ONE,2024-07-14,0
ACE POWER,2025-10-08,3
ACE TALENT,2025-07-09,0
ACE VICTORY,2024-07-06,0
ACE WAR,2025-09-21,1
ACROSS DA UNIVERSE,2025-09-17,1
ACT OF FAITH,2024-06-05,0
ADEFILL,2024-10-06,0
ADIOS,2024-04-07,0
AERIS NOVA,2025-07-16,0
AEROINVINCIBLE,2025-09-14,1
AEROVOLANIC,2025-09-21,1
AESOP'S FABLES,2023-12-10,0
AESTHETICISM,2025-10-04,2
AFFIRM,2025-04-06,0
AFFORDABLE,2025-03-30,0
AGENDA,2025-06-28,0
AGURI,2023-04-30,0
AHREN,2025-09-28,1
AI ONE,2024-01-31,0
AKASHVANI,2025-10-01,2
ALABAMA SONG,2025-07-05,0
ALACRITY,2024-06-23,0
ALCARI,2022-09-18,0
ALL ARE MINE,2025-06-28,0
ALL BEAUTY,2024-03-27,0
ALL EYES ON ME,2025-10-04,1
ALL FOR ST PAUL'S,2024-11-03,0
ALL IS GOOD,2024-05-05,0
ALL IS READY,2024-05-29,0
ALL JOYFUL,2023-01-29,0
ALL RICHES,2024-10-01,0
ALL ROUND WINNER,2025-09-21,1
ALL'S WELL,2025-07-13,0
ALLCASH,2025-09-21,1
ALLGREEKTOME,2025-02-19,0
ALLOY KING,2025-02-19,0
ALLOY STAR,2023-05-21,0
ALLURING LAOS,2025-05-10,0
ALMIGHTY KICK,2025-06-25,0
ALP'S AFFECTION,2024-11-24,0
ALPHA ONE,2024-11-17,0
ALSONSO,2025-09-14,1
ALWAYS AWESOME,2024-10-01,0
ALWAYS BEAUTIFUL,2023-04-30,0
ALWAYS FLUKE,2025-03-09,0
ALWAYS MY FOLKS,2025-09-17,1
AMAZING ACE,2024-07-10,0
AMAZING AWARD,2025-10-08,2
AMAZING BOY,2024-06-26,0
AMAZING DUCK,2025-09-21,1
AMAZING FUN,2025-10-01,2
AMAZING GALAXY,2025-07-01,0
AMAZING GAZE,2025-10-08,2
AMAZING INNOVATOR,2022-12-14,0
AMAZING KID,2025-10-08,3
AMAZING NEWS,2023-02-08,0
AMAZING ONE PLUS,2023-04-06,0
AMAZING ROCKY,2023-10-04,0
AMAZING RUN,2025-09-10,1
AMAZING TEENS,2024-03-27,0
AMAZING TRAVIS,2023-12-13,0
AMAZING VICTORY,2025-06-25,0
AMAZINGTEAMWORK,2024-03-10,0
AMBITIOUS HEART,2022-12-14,0
AMIGOS GIGGLE,2023-07-01,0
ANGELIC,2024-09-22,0
ANGELS HUNTER,2024-04-03,0
ANODE,2025-10-01,2
ANOTHER WORLD,2025-07-05,0
ANOTHER ZONDA,2025-10-08,3
ANTINO,2024-12-08,0
AORAKI SUMMIT,2024-06-15,0
APACHE PASS,2024-12-18,0
APEX TOP,2024-02-12,0
APOLAR FIGHTER,2025-09-28,2
APPEALING CITY,2025-07-05,0
ARDEN,2025-07-13,0
ARGENTO OCEAN,2025-09-14,1
ARIEL,2025-10-04,3
ARMOUR EAGLE,2024-09-25,0
ARMOUR WAR EAGLE,2025-09-28,2
AROMATICA,2025-01-26,0
ART LITE,2023-11-26,0
ARTHUR'S KINGDOM,2025-05-14,0
ASIAN ONE,2024-10-13,0
ASTROLOGER,2024-07-04,0
ATOMIC BEAUTY,2025-10-08,3
ATOMIC ENERGY,2024-03-27,0
ATOMIC FORCE,2024-12-11,0
ATULLIBIGEAL,2025-10-04,3
AUDACIOUS PURSUIT,2025-10-04,1
AUGUST MOON,2024-07-10,0
AURIO,2025-05-07,0
AURORA HERO,2022-10-23,0
AURORA LADY,2025-07-16,0
AURORA PATCH,2025-10-01,2
AUTOMATED,2025-03-30,0
AUTUMN DELIGHT,2025-07-01,0
AUTUMN VIBES,2025-10-01,1
AWESOME FLUKE,2025-03-15,0
AWESOME TREASURE,2025-10-04,3
BABIECA,2025-05-25,0
BABY,2023-07-06,0
BABY CRYSTAL,2025-10-01,1
BABY SATELLITE,2025-03-09,0
BAEBAE TSOI,2024-03-03,0
BALLISTIC MAN,2023-02-12,0
BALLISTIC WIN,2025-05-14,0
BARON ZEE,2023-07-12,0
BASIC INSTINCT,2025-10-01,2
BAYVIEW STAR,2024-03-06,0
BE READY,2022-09-25,0
BEAR CHAMP,2024-12-22,0
BEAR SLAM,2024-04-20,0
BEAT HOLLOW,2024-10-13,0
BEATO,2025-04-06,0
BEAU CADEAU,2025-05-14,0
BEAU GOSSE,2025-07-09,0
BEAUTIFUL WIN,2025-07-05,0
BEAUTY ALLIANCE,2025-07-09,0
BEAUTY BOLT,2025-09-28,1
BEAUTY CHAMP,2024-01-17,0
BEAUTY CHARGE,2024-12-22,0
BEAUTY CRESCENT,2025-09-28,2
BEAUTY DESTINY,2025-04-13,0
BEAUTY ETERNAL,2025-07-13,0
BEAUTY FIT,2024-07-14,0
BEAUTY FORMULA,2025-09-14,1
BEAUTY GLORY,2025-10-04,2
BEAUTY INFINITY,2025-07-09,0
BEAUTY INSPIRE,2023-05-21,0
BEAUTY INVINCIBLE,2024-12-22,0
BEAUTY JOY,2025-07-13,0
BEAUTY LIGHT,2025-01-31,0
BEAUTY LIVE,2025-07-13,0
BEAUTY MISSILE,2025-10-04,1
BEAUTY MISSION,2023-12-29,0
BEAUTY MOMENTS,2023-01-08,0
BEAUTY NOVA,2023-11-08,0
BEAUTY THUNDER,2025-10-08,3
BEAUTY TURN,2023-04-26,0
BEAUTY TYCOON,2023-07-12,0
BEAUTY UNITY,2023-10-01,0
BEAUTY VIVA,2025-10-01,2
BEAUTY WAVES,2025-10-01,2
BEAUTYVERSE,2024-01-28,0
BEER PALACE,2024-11-03,0
BELIEVING,2024-04-28,0
BELL OF HAPPINESS,2023-05-03,0
BELL OF VICTORY,2023-12-26,0
BELLE HEART,2023-11-26,0
BELUGA,2023-06-25,0
BERLIN TANGO,2024-10-06,0
BEST FOR YOU,2023-01-15,0
BETTER AND BETTER,2025-10-04,2
BETTER LINK,2024-04-20,0
BEYOND TURBO,2023-12-23,0
BIENVENUE,2025-10-08,3
BIG ME,2022-10-16,0
BIG RED,2024-12-26,0
BIG RETURN,2025-06-28,0
BIG STRIDE,2025-09-14,1
BIG TWO,2024-05-15,0
BILLION TWO,2025-10-04,2
BILLIONAIRE SECRET,2025-02-16,0
BINGO BABE,2025-09-28,2
BIRDSVILLE,2023-07-12,0
BITS SUPERSTAR,2025-07-16,0
BLASTOISE,2023-03-22,0
BLAZE WARRIOR,2023-03-05,0
BLAZING BEAM,2025-05-18,0
BLAZING SUN,2023-03-01,0
BLAZING WIND,2025-09-14,1
BLAZING WUKONG,2025-09-28,1
BLESSED NATION,2025-01-31,0
BLING BLING GENIUS,2025-09-21,1
BLISSFUL LIFE,2023-05-07,0
BLISSFUL STAR,2024-10-06,0
BLOTTING PAPER,2022-10-09,0
BLUE BARON,2025-10-04,2
BLUE MARLIN,2024-04-28,0
BLUSTITCH,2023-01-18,0
BOMBUS,2025-03-09,0
BON'S A PEARLA,2024-03-13,0
BONUS PAL,2024-02-28,0
BOOM ALLIANCE,2023-12-29,0
BOOMBAYAH,2025-05-07,0
BOOMING WELL,2023-03-08,0
BORN THE SAME DAY,2023-07-06,0
BOTANIK,2022-12-11,0
BOTTOMUPTOGETHER,2025-10-01,2
BOURBONAIRE,2024-05-26,0
BOWSER,2025-07-01,0
BOYS PARTY,2023-07-09,0
BRAVE AND BOLD,2023-11-08,0
BRAVE DREAMS,2023-10-15,0
BRAVE EMPEROR,2024-04-28,0
BRAVE JOY,2025-05-07,0
BRAVE OF FRIENDS,2025-10-04,2
BRAVE POWER,2023-01-01,0
BRAVE STAR,2025-09-28,1
BRAVE WIN,2025-10-01,1
BRAVE WITNESS,2025-06-28,0
BRAVEHEARTS,2025-10-04,2
BRAVO WARRIOR,2024-06-26,0
BRIGHT DAY,2025-09-21,1
BRIGHT INHERITANCE,2025-09-21,1
BRIGHT KID,2023-01-18,0
BRIGHT MORTAR,2025-09-28,1
BRILLIANT EIGHT,2023-11-01,0
BRILLIANT EXPRESS,2025-09-28,1
BRILLIANT FIRE,2025-09-28,2
BRILLIANT LIFE,2023-05-07,0
BRILLIANT PIONEER,2024-03-06,0
BRILLIANT WAY,2023-12-03,0
BROOME,2022-12-11,0
BROTHER CHENG,2024-05-22,0
BROTHER PEARL,2024-05-26,0
BROWNNEEDSFURTHER,2025-07-16,0
BUBBLE GIFT,2022-12-11,0
BUCEPHALAS,2025-05-07,0
BUDDIES,2022-11-27,0
BUDDY SPIRIT,2023-06-18,0
BULB DRAGON,2023-07-01,0
BULB EMPEROR,2025-03-15,0
BULB GENERAL,2025-10-04,2
BULB PALS,2022-10-16,0
BULB PRINCE,2024-07-06,0
BULB TYCOON,2023-07-06,0
BULL ATTITUDE,2025-09-21,2
BULLETPROOF,2023-07-16,0
BULLION BLITZ,2025-07-13,0
BULLISH PRIDE,2025-06-14,0
BUNDLE AWARD,2025-07-13,0
BUNDLE OF CHARM,2025-10-08,4
BUNTA BABY,2025-09-14,1
BUTTERFIELD,2024-01-21,0
BUZZINGA,2023-01-01,0
C P BRAVE,2025-05-14,0
C P ONE,2024-06-02,0
C YEAH,2025-05-04,0
CABLE SPEED,2023-07-12,0
CAIRO,2023-12-10,0
CALIF,2025-04-27,0
CALIFORNIA BANNER,2025-09-28,1
CALIFORNIA BAY,2025-09-28,2
CALIFORNIA BLITZ,2025-10-04,2
CALIFORNIA CIBLE,2024-06-05,0
CALIFORNIA CONCORD,2023-05-13,0
CALIFORNIA DEEPLY,2025-10-08,3
CALIFORNIA FOREST,2023-01-21,0
CALIFORNIA ICON,2025-05-18,0
CALIFORNIA MOXIE,2025-07-13,0
CALIFORNIA RAD,2023-03-26,0
CALIFORNIA REDWOOD,2022-12-04,0
CALIFORNIA SPANGLE,2025-03-30,0
CALIFORNIA STAR,2025-05-18,0
CALIFORNIA SUN,2025-07-01,0
CALIFORNIA TEN,2023-09-24,0
CALIFORNIA TOUCH,2025-03-12,0
CALIFORNIA VANES,2023-11-19,0
CALIFORNIA VOCE,2024-12-26,0
CALIFORNIA WAVES,2025-09-14,1
CALIFORNIADEEPSHOT,2022-11-16,0
CALIFORNIATOTALITY,2025-09-17,1
CALL ME DANDY,2024-05-29,0
CALL ME GLORIOUS,2025-09-28,1
CALL ME GORGEOUS,2025-05-25,0
CALL ME LU,2023-05-24,0
CALL ME MIGHTY,2023-11-22,0
CALL ME SUPREME,2024-09-08,0
CALL ME TEDDY,2024-02-15,0
CALL ME TOPSEED,2025-10-08,2
CALL TO COMMAND,2025-09-28,1
CAMBRIDGE,2025-10-04,1
CAMINO,2024-07-10,0
CAMP FIRE,2025-09-17,1
CAMP LAND,2025-09-14,1
CAMPIONE,2024-05-26,0
CAN'T GO WONG,2025-10-01,2
CANDLELIGHT DINNER,2025-09-17,1
CAP FERRAT,2025-06-22,0
CAPE BRETON,2023-07-09,0
CAPITAL DELIGHT,2025-10-04,1
CAPITAL LEGEND,2025-07-09,0
CAPTAIN HURRICANE,2023-11-11,0
CAPTAIN WIN,2024-11-09,0
CARROLL STREET,2025-09-28,2
CARRY THE DIAMOND,2022-12-28,0
CARRYON SMILING,2025-09-07,1
CASA COSMO,2024-03-16,0
CASA LEGEND,2025-05-10,0
CASA OF HONOR,2025-10-04,1
CASA ROCHESTER,2025-10-08,3
CASA RUBICK,2025-09-07,1
CASA SACRED,2023-10-25,0
CASHISCASH,2025-10-01,2
CATCH ME IF U CAN,2025-03-09,0
CELESTIAL COLOURS,2025-04-23,0
CELESTIAL HARMONY,2025-09-28,2
CELESTIAL HERO,2025-07-13,0
CELESTIAL PATCH,2025-10-08,2
CELESTIAL POWER,2023-12-17,0
CELTIC TIMES,2025-10-04,2
CERVIN,2025-09-28,2
CHAIN OF GOLD,2025-09-10,1
CHAMPAGNE COLOR,2024-04-28,0
CHAMPION DRAGON,2024-03-10,0
CHAMPION INSTINCT,2025-07-13,0
CHAMPION METHOD,2025-09-17,1
CHANCHENG GLORY,2025-07-13,0
CHANCHENG PRINCE,2024-02-04,0
CHARITY BINGO,2024-05-01,0
CHARITY FOR ALL,2024-10-01,0
CHARITY GAIN,2025-04-23,0
CHARITY GO,2022-11-20,0
CHARITY GRACE,2023-07-16,0
CHARITY TOGETHER,2025-06-28,0
CHARIZARD,2023-07-09,0
CHARMANDER,2024-12-22,0
CHARMING BABE,2025-10-08,2
CHARMING LEGEND,2025-06-25,0
CHARMING STEED,2025-10-04,2
CHATEAU,2024-04-07,0
CHATEAU LE PECHE,2025-09-21,1
CHATEAUNEUF,2025-10-04,1
CHATER GOLD,2025-03-26,0
CHATER PINS,2023-03-22,0
CHEER FOR SOUTH,2025-09-28,1
CHEERFUL DAYS,2023-07-12,0
CHEERFUL WORLD,2024-12-01,0
CHEERY,2023-07-03,0
CHEONG FAT,2024-05-01,0
CHEVAL VALIANT,2025-06-08,0
CHEVAL VICTORIOUS,2025-07-05,0
CHEVALIER PRINCE,2022-10-23,0
CHICKEN DANCE,2022-12-04,0
CHILL BUDDY,2025-10-04,1
CHILL CHIBI,2025-10-04,1
CHILL KAKA,2025-09-21,1
CHILL MASTER,2025-06-25,0
CHILL WAY,2023-07-01,0
CHILLI BABA,2025-07-01,0
CHINA WIN,2025-10-01,2
CHING,2025-05-18,0
CHIRON,2024-07-14,0
CHIU CHOW BROTHER,2024-04-07,0
CHIU CHOW SPIRIT,2025-10-01,2
CHOICERUS,2024-02-07,0
CHRYSOS,2023-11-01,0
CIGAR BUDDIES,2022-12-07,0
CIRCUIT BLAZING,2024-09-28,0
CIRCUIT BOOMING,2023-07-06,0
CIRCUIT CENTURY,2025-06-22,0
CIRCUIT DUFFY,2025-09-17,1
CIRCUIT ELEVEN,2024-05-05,0
CIRCUIT ELITE,2024-05-22,0
CIRCUIT FIERY,2025-10-04,2
CIRCUIT JOLLY,2025-03-30,0
CIRCUIT MAXIMUS,2025-01-19,0
CIRCUIT MIGHTY,2025-07-13,0
CIRCUIT NINE,2024-09-08,0
CIRCUIT SEVEN,2025-01-15,0
CIRCUIT SPIRITANTO,2023-05-07,0
CIRCUIT SPLENDOR,2024-07-14,0
CIRCUIT STELLAR,2023-11-26,0
CIRCUIT TEN,2025-04-13,0
CIRCUIT VICTORY,2025-09-07,1
CIRCUS REEL,2025-10-01,1
CIRRUS SPEED,2025-06-22,0
CITY THUNDER,2025-01-12,0
CLASSIC ARCHI,2024-06-26,0
CLASSIC CENTURY,2025-01-22,0
CLASSIC MOON,2023-12-03,0
CLASSIC POSH,2023-03-11,0
CLASSIC UNICORN,2023-06-14,0
CLEAR COURAGE,2024-12-29,0
CLUB ACE,2025-10-01,2
CLUB SODA,2024-02-15,0
COBHFIELD,2023-07-16,0
COLONEL,2025-10-04,3
COLOURFUL BARON,2025-09-21,2
COLOURFUL EMPEROR,2024-05-22,0
COLOURFUL KING,2025-07-05,0
COLOURFUL KNIGHT,2025-09-21,2
COLOURFUL PRINCE,2025-04-02,0
COLOURFUL WINNER,2025-09-28,2
COLUMBUS COUNTY,2024-01-21,0
COME FAST FAY FAY,2025-07-13,0
COMET SPLENDIDO,2025-06-22,0
COMING PATCH,2024-10-13,0
COMMANDING MISSILE,2025-05-18,0
COMMON ROOM,2023-02-22,0
COMPASSION SPIRIT,2024-03-10,0
COMPASSION SUPER,2024-03-10,0
COMPULSORY,2024-02-12,0
COMPUTER PATCH,2023-12-26,0
CONCERTO,2024-04-17,0
CONCORDE STAR,2025-10-01,1
CONFRINGO,2025-04-30,0
CONRAD THE GREAT,2025-06-25,0
CONSPIRACY WITNESS,2025-09-28,2
CONSPIRATOR,2025-09-07,1
CONTENT,2024-12-08,0
CONTI CONTI,2024-07-10,0
CONTINUOUS,2024-12-08,0
COOL BLUE,2025-10-04,2
COOLCELEB,2022-10-26,0
COPARTNER AMBITION,2024-07-04,0
COPARTNER ELITES,2023-03-19,0
COPARTNER ERA,2024-03-10,0
COPARTNER FIONN,2023-11-11,0
COPARTNER FLEET,2025-09-28,1
COPARTNER PRANCE,2025-09-28,2
COPARTNER PUDONG,2023-09-17,0
CORDYCEPS ONE,2024-07-10,0
CORDYCEPS SIX,2023-06-04,0
CORLEONE,2025-01-15,0
COSMIC SPURS,2025-04-23,0
COSMO LIGHT,2025-10-01,2
COSMO NAVIGATOR,2025-10-01,2
COTTON FINGERS,2023-12-23,0
COUNTRY BOY,2023-04-15,0
COUNTRY DANCER,2025-07-09,0
COUNTRY TREASURE,2022-09-28,0
COURAGEOUS KNIGHT,2022-10-01,0
COURIER ALADDIN,2025-07-16,0
COURIER MAGIC,2025-07-09,0
COURIER MARVEL,2023-03-19,0
COURIER WONDER,2024-02-12,0
CRAIG'S MASTER,2024-05-01,0
CRAZY TREASURE,2024-09-15,0
CRIMSON FLASH,2025-05-14,0
CROSSBORDERPEGASUS,2025-05-31,0
CROWN OF STAR,2023-07-06,0
CRYSTAL POWERFUL,2025-09-10,1
CURLING SPEED,2023-10-22,0
CURRAHEE,2025-01-12,0
CYBER PATCH,2023-11-05,0
CZARSON,2023-07-01,0
D STAR,2025-07-13,0
DAILY BEAUTY,2023-10-25,0
DAILY TROPHY,2025-09-28,2
DAN ATTACK,2025-10-08,3
DANCING CLASSICS,2025-10-01,1
DANCING CODE,2025-09-28,1
DANON MCKINLEY,2025-04-27,0
DANON SCORPION,2022-12-11,0
DANON THE KID,2023-12-10,0
DARCI JOY,2024-11-13,0
DARCI LEGEND,2024-01-13,0
DARING PURSUIT,2024-12-04,0
DASH,2025-06-28,0
DASH AVENUE,2024-10-06,0
DASHING DRAGON,2025-09-14,1
DASHING GENIUS,2023-05-28,0
DASHING GLORY,2024-05-29,0
DASHING MAURISON,2025-09-21,1
DASHING PAL,2025-03-30,0
DASHING SUCCESS,2023-11-11,0
DASHING TRIUMPH,2023-11-08,0
DAY DAY RICH,2024-03-31,0
DAY DAY VICTORY,2025-10-08,2
DAZZLING FELLOW,2023-11-11,0
DAZZLING FIT,2025-06-22,0
DEAL COMPLETED,2025-09-14,1
DEAR SIBLING,2023-06-25,0
DECISION LINK,2025-10-04,2
DECISIVE TWELVE,2023-04-02,0
DECRELOT,2025-10-04,2
DECRYPT,2023-03-11,0
DEEP PURSUIT,2024-05-08,0
DEFINITIVE,2025-07-16,0
DELAGO PATROL,2023-11-26,0
DELIGHTFUL LAOS,2023-04-06,0
DENFIELD,2025-10-08,3
DESERT STAR,2023-11-08,0
DEVAS TWELVE,2025-09-28,2
DEVIL AND GOLD,2024-07-06,0
DEVILDOM,2025-05-28,0
DIAMOND BRILLIANT,2022-10-05,0
DIAMOND DIAMOND,2024-07-06,0
DIAMOND FLARE,2024-05-29,0
DIAMOND FOREVER,2023-12-26,0
DIAMOND SOARS,2025-04-16,0
DIAMOND STAR,2022-10-12,0
DIAMOND WINNER,2024-07-06,0
DILBAGH,2025-10-01,2
DINKUM,2023-06-04,0
DINOSAUR BOY,2023-06-10,0
DIRIYA,2025-09-21,1
DIVANO,2025-09-28,2
DIVINA,2023-12-10,0
DIVINE ERA,2024-02-07,0
DIVINE MOONLIGHT,2025-07-09,0
DIVINE SHINING,2024-07-10,0
DO YOUR PART,2025-10-01,2
DOCKLANDS,2024-12-08,0
DORADO FIG,2022-11-06,0
DOUBLE BINGO,2025-09-28,1
DOUBLE SHOW,2025-10-01,1
DOUBLE WIN,2025-10-01,1
DR GOLDEN GENERAL,2025-09-28,2
DR WINNING,2022-11-23,0
DRACO,2025-10-04,3
DRAGON ADMIRAL,2023-04-02,0
DRAGON AIR FORCE,2025-09-21,2
DRAGON DELIGHT,2025-03-05,0
DRAGON FORTUNE,2022-11-06,0
DRAGON FOUR SEAS,2025-10-08,3
DRAGON JOY,2025-09-28,1
DRAGON KINGDOM,2024-07-14,0
DRAGON PRIDE,2024-07-04,0
DRAGON STAR,2025-04-30,0
DRAGON SUNRISE,2025-10-01,1
DRAGON'S LUCK,2023-10-18,0
DRALA,2025-07-13,0
DREAM CATCHER,2023-06-07,0
DREAM PURSUER,2024-10-20,0
DREAM WINNER,2025-07-01,0
DREAMING WINNER,2025-09-21,1
DROMBEG BANNER,2025-06-08,0
DROPS OF GOD,2023-07-09,0
DUBAI HONOUR,2025-05-25,0
DUBLIN STAR,2024-04-07,0
DUKE WAI,2024-07-14,0
DURHAM STAR,2024-12-04,0
DYNAMIC SPIRIT,2023-01-18,0
E BROTHER,2023-12-20,0
E GLORY,2024-12-26,0
E LEGEND,2024-05-11,0
E RAINBOW,2023-04-06,0
E TALENT,2024-11-03,0
E UNIVERSE,2025-05-10,0
EAGLE RUN,2024-07-01,0
EASON,2025-06-25,0
EASY LIFE,2023-05-21,0
EASY SNIP,2024-06-05,0
EASY TWO,2024-07-10,0
EIGHT TRIGRAMS,2024-03-16,0
EIGHTEEN CARAT,2024-12-08,0
EIGHTEEN PALMS,2024-09-25,0
EIGHTY LIGHT YEARS,2025-07-01,0
EL JEFE,2022-12-21,0
EL VALIENTE,2023-09-24,0
EL VENCEDOR,2025-04-27,0
ELEGANT LIFE,2025-09-21,1
ELLIPTICAL,2024-05-19,0
ELON,2023-06-18,0
ELTON BAROWS,2024-04-28,0
EMBARKED,2023-01-01,0
EMBLAZON,2025-09-21,1
EMBRACES,2025-10-08,3
EMERGING,2023-05-24,0
EMERGING STAR,2025-07-05,0
EN PERFECTO,2025-09-10,1
EN POINTE,2023-03-15,0
ENCHANTING IBIS,2022-11-12,0
ENCORE,2023-05-17,0
ENCOUNTERED,2025-09-17,1
ENDEARED,2025-09-28,3
ENDUED,2025-07-16,0
ENFOLDED,2024-02-21,0
ENIGMA,2024-03-03,0
ENJOY GOLF,2025-09-28,2
ENJOYING,2023-05-07,0
ENNEA FORTUNE,2024-01-07,0
ENSHINE,2025-01-05,0
ENSUED,2025-06-22,0
ENSURED,2023-04-30,0
ENTERPRISE ATTACK,2024-11-09,0
ENTHRALLED,2025-10-04,1
ENTRUSTED,2023-11-11,0
EQUALETTA BLITZ,2023-07-12,0
EQUATORIAL,2025-02-09,0
EQUILIBRIUM TURBO,2023-04-19,0
ERIMO,2023-11-26,0
ERNEST FEELING,2024-11-17,0
ESCAPE ROUTE,2025-07-09,0
ETALON OR,2025-10-04,1
ETERNAL BLOOM,2023-07-03,0
ETERNAL FORTUNE,2025-06-25,0
EURO ROCKS,2025-10-04,3
EUROMISSILE,2023-07-12,0
EVER BLESSING,2023-10-25,0
EVER FORCE,2023-03-15,0
EVER LAUGH,2022-11-09,0
EVER SMART,2025-10-01,2
EVER VICTORIOUS,2024-02-15,0
EVERSTAR,2025-10-01,1
EVERYONE'S CLASSIC,2025-09-14,1
EVERYONE'S DELIGHT,2024-01-24,0
EVERYONE'S GALLOP,2025-06-08,0
EVERYONE'S STAR,2025-05-31,0
EVERYONE'S VICTORY,2024-06-15,0
EXCEED THE WISH,2025-10-08,3
EXCEL WONGCHOY,2025-09-21,1
EXCELLENCE VALUE,2025-09-17,1
EXCELLENT DADDY,2025-10-04,1
EXCELLENT FIGHTER,2024-07-14,0
EXCELLENT PEERS,2025-05-07,0
EXCELLENT PROPOSAL,2023-01-21,0
EXCEPTIONAL NICE,2023-03-01,0
EXPLOSIVE WITNESS,2024-03-03,0
EXTREME BOMB,2025-07-01,0
EXUBERANT,2024-12-26,0
EZRA,2023-03-05,0
FA FA,2022-12-07,0
FABULOUS EIGHT,2023-02-08,0
FAIRY HORSE,2025-10-01,3
FAITHFUL CHAMPION,2023-01-15,0
FAITHFUL TRINITY,2024-02-25,0
FALCON COURT,2025-09-28,1
FALCON HUNTER,2025-09-21,1
FALLON,2025-10-04,1
FAMILY FOLKS,2023-11-01,0
FAMILY FORTUNE,2025-09-28,2
FAMILY JEWEL,2025-06-28,0
FAMILY KNIGHT,2025-09-28,1
FAMILY STRENGTH,2022-11-16,0
FANCY STAR,2024-12-18,0
FANTASTIC FUN,2025-09-14,2
FANTASTIC HONOUR,2025-01-12,0
FANTASTIC TREASURE,2025-01-12,0
FANTASTIC WAY,2022-11-20,0
FANTASY SPRING,2023-04-02,0
FARIBAULT,2023-04-09,0
FARSHAD,2022-12-28,0
FASHION LEGEND,2025-10-04,2
FAST AS ROCKET,2024-09-22,0
FAST BUCK,2024-03-16,0
FAST NETWORK,2025-10-01,2
FAST PACE,2022-12-07,0
FAST RESPONDER,2025-10-04,2
FAST SERVE,2024-06-12,0
FAST SPEED,2025-06-28,0
FAST VICTORY,2024-06-26,0
FASTPASS,2024-06-26,0
FATAL BLOW,2025-06-04,0
FAULDS,2023-03-11,0
FEARLESS FIRE,2024-01-10,0
FELIX THE KING,2023-03-26,0
FIELD MARSHAL,2025-09-21,1
FIERY DIAMOND,2024-04-03,0
FIERY FLYING,2023-12-03,0
FIFER,2023-05-13,0
FIGHT TIME,2025-10-04,2
FIGHTING MACHINE,2025-10-04,3
FIGHTING STAR,2024-01-21,0
FIGOPUMPKIN,2025-07-16,0
FIND MY LOVE,2025-07-16,0
FINGERS CROSSED,2024-02-04,0
FIRE BALL,2025-07-05,0
FIREFOOT,2025-10-01,3
FIRST LOVE,2024-11-24,0
FIT BEAUTY,2025-01-19,0
FIT FOR BEAUTY,2025-10-04,2
FIVE ELEMENTS,2022-11-09,0
FIVE G PATCH,2025-05-25,0
FIVEFORTWO,2025-09-21,1
FLAGSHIP WARRIOR,2025-07-13,0
FLAMING EAGLE,2023-12-20,0
FLAMING PASSION,2023-06-14,0
FLAMING RABBIT,2025-03-02,0
FLAMING RIB,2023-04-30,0
FLAMINGO TRILLION,2025-07-09,0
FLASH CURRENT,2025-07-13,0
FLASH FAMOUS,2023-07-16,0
FLASH POINT,2023-12-17,0
FLASH STAR,2025-09-21,2
FLOOF,2025-10-01,1
FLOWING RICHES,2025-09-28,1
FLYING ACE,2025-02-12,0
FLYING AKEED,2025-09-28,2
FLYING AMANI,2025-03-23,0
FLYING BONUS,2023-01-21,0
FLYING DOUBLE,2025-06-14,0
FLYING DRAGON,2025-03-26,0
FLYING FORTRESS,2025-09-28,1
FLYING GALLOP,2023-09-24,0
FLYING HIGH,2025-01-05,0
FLYING KNIGHT,2025-09-21,1
FLYING LUCK,2025-09-28,1
FLYING MIGHTY,2023-03-05,0
FLYING MOJITO,2024-06-08,0
FLYING ON THE TURF,2023-11-08,0
FLYING PHANTOM,2025-07-05,0
FLYING QUEST,2023-05-17,0
FLYING ROMANTIC,2025-05-31,0
FLYING SEASON,2022-10-23,0
FLYING SHELBY,2023-06-18,0
FLYING SILVER,2025-07-01,0
FLYING SWORD,2023-04-30,0
FLYING TING LOK,2025-06-25,0
FLYING WROTE,2025-10-08,3
FOOLISH HEART,2024-11-20,0
FOREMOST TEDDY,2025-09-10,1
FORERUNNER,2025-10-08,3
FOREST GOLD,2023-06-18,0
FOREVER CHARM,2024-04-20,0
FOREVER FOLKS,2025-10-01,2
FOREVER FRIENDS,2023-03-08,0
FOREVER GLORIOUS,2025-05-14,0
FORTE,2023-04-02,0
FORTUNATE SON,2025-07-16,0
FORTUNE BOY,2025-09-28,1
FORTUNE CARRIER,2023-07-12,0
FORTUNE COOKIES,2024-09-22,0
FORTUNE HERO,2023-01-04,0
FORTUNE KINGO,2025-10-04,1
FORTUNE MARBO,2023-03-05,0
FORTUNE MASTER,2024-05-11,0
FORTUNE PATROL,2023-04-06,0
FORTUNE PRESIDENT,2024-06-12,0
FORTUNE RACER,2025-07-09,0
FORTUNE STAR,2025-10-08,2
FORTUNE SUPERNOVA,2025-10-04,1
FORTUNE SUPERSTAR,2025-07-13,0
FORTUNE TRIPLE,2024-01-31,0
FORTUNE TURBO,2023-11-08,0
FORTUNE WARRIOR,2025-09-28,1
FORTUNE WHISKEY,2025-07-09,0
FORTUNE WINNER,2023-05-24,0
FORZA TORO,2025-07-13,0
FOXHUNTER GO,2024-06-23,0
FOXHUNTER KING,2025-03-09,0
FOXHUNTER WAY,2024-07-06,0
FRANCIS MEYNELL,2025-07-16,0
FRANTANCK,2025-07-13,0
FREE FOAL,2024-01-21,0
FREE PONY,2025-06-04,0
FRIENDS OF SHAJING,2025-10-04,2
FRUITY WARRIOR,2025-03-05,0
FULL CREDIT,2025-07-16,0
FUN ELITE,2025-07-09,0
FUN N FUN TOGETHER,2025-09-28,1
FUN N GLORY,2025-03-26,0
FUN TOGETHER,2025-10-04,1
FUNCTION PATCH,2023-03-11,0
FUNG,2025-05-31,0
FURTHER FORWARD,2023-03-01,0
FURY AND GOLD,2025-01-15,0
G LINER,2025-05-10,0
G ONE EXCELLENT,2024-03-20,0
GAIA FORCE,2025-04-27,0
GALAXY PATCH,2025-04-27,0
GALAXY WITNESS,2025-07-16,0
GALE SAGA,2025-10-01,2
GALLANT CROWN,2025-06-28,0
GALLANT EPOCH,2025-07-01,0
GALLANT GOODY,2025-05-28,0
GALLANT HERO,2024-10-13,0
GALLANT REX,2025-09-10,1
GALLANT VALOUR,2025-03-19,0
GALLANT WAKING,2024-10-30,0
GALVANIC,2025-05-25,0
GAMEPLAYER ELITE,2025-10-08,2
GAMEPLAYER WARRIOR,2024-09-28,0
GANG OF BROTHERS,2023-07-09,0
GANGNAM STAR,2025-10-04,2
GASTRONOMIQUE,2025-10-01,1
GAZELEY,2025-07-01,0
GEM OF SOUTH CHINA,2023-03-05,0
GENDARME,2022-12-11,0
GENERAL ACE,2024-07-01,0
GENERAL SMART,2025-04-16,0
GENERAL TRUMP,2022-11-06,0
GENERAL WINNER,2024-07-06,0
GENEROUS FRIEND,2023-11-11,0
GENEVA,2025-05-25,0
GENIUS BABY,2025-10-04,2
GENTLEMEN LEGACY,2025-10-04,1
GEOGLYPH,2022-12-11,0
GERALDINA,2023-12-10,0
GET SET WIN,2024-09-22,0
GET THE MONIES,2024-03-03,0
GHORGAN,2025-09-28,1
GIANT LEAP,2025-09-21,2
GIAVELLOTTO,2024-12-08,0
GIDDY UP,2025-06-22,0
GIFT OF LIFELINE,2023-03-15,0
GIMME FIVE,2025-09-14,1
GIVE WAY PLEASE,2023-07-01,0
GLACIATED,2025-10-04,1
GLENEALY GENERALS,2023-03-11,0
GLOBAL HARMONY,2024-02-18,0
GLORIFIED FIRE,2022-12-21,0
GLORIOUS DRAGON,2023-11-19,0
GLORIOUS EXPERT,2025-10-01,2
GLORIOUS JOURNEY,2025-09-21,1
GLORIOUS KINGDOM,2025-10-04,1
GLORIOUS LOVER,2023-05-10,0
GLORIOUS RYDER,2025-09-10,1
GLORIOUS STARLIGHT,2023-01-11,0
GLORIOUS SUCCESS,2025-09-21,1
GLORY B,2025-09-10,1
GLORY BO BO,2023-05-10,0
GLORY CLOUD,2025-09-17,1
GLORY ELITE,2025-04-30,0
GLORY VASE,2022-12-11,0
GLUCK RACER,2025-07-13,0
GO BALLISTIC,2023-01-11,0
GO FOR TEA,2022-09-14,0
GO GENERAL,2025-09-14,1
GO GO GO,2025-10-04,3
GO GO SIXTEEN,2024-01-28,0
GO HERO,2025-02-09,0
GOAL ORIENTED,2023-06-25,0
GOAL STAR,2023-11-15,0
GOEMON,2025-04-27,0
GOKO WIN,2025-07-01,0
GOLD COMET,2023-05-10,0
GOLD GOLD BABY,2023-12-26,0
GOLD MARQUIS,2022-12-07,0
GOLD MASTER,2025-05-25,0
GOLD STERLING,2023-12-17,0
GOLD TACK,2025-07-01,0
GOLDEN ARTIE,2025-01-15,0
GOLDEN BRILLIANT,2025-06-22,0
GOLDEN BULL,2024-07-01,0
GOLDEN CHAMPION,2024-07-10,0
GOLDEN DARCI,2025-09-17,1
GOLDEN EMPIRE,2025-07-09,0
GOLDEN EXPRESS,2023-06-25,0
GOLDEN FAIRY,2025-10-08,4
GOLDEN FOUR,2023-01-18,0
GOLDEN FRIENDSHIP,2025-09-17,1
GOLDEN LINK,2024-06-12,0
GOLDEN LONG,2024-12-18,0
GOLDEN LUCK,2025-09-17,1
GOLDEN MISSION,2023-06-18,0
GOLDEN ONE,2024-03-16,0
GOLDEN RISE,2025-06-25,0
GOLDEN SAMURAI,2024-10-06,0
GOLDEN SIXTY,2024-04-28,0
GOLDEN TITLE,2024-06-08,0
GOLDEN WARSTEED,2023-05-21,0
GOLDENFIELD,2024-02-18,0
GOLDENTRONICMIGHTY,2025-07-13,0
GOLIATH,2025-04-27,0
GOOD BOY,2023-10-22,0
GOOD BUDDY,2024-03-16,0
GOOD CHAP,2025-07-13,0
GOOD FORTUNE,2025-09-14,2
GOOD GOOD,2025-09-21,1
GOOD HAPPY HEART,2023-12-23,0
GOOD LUCK BABE,2025-09-28,2
GOOD LUCK FRIEND,2024-02-18,0
GOOD LUCK WIN,2025-09-28,1
GOOD NEWS,2023-03-19,0
GOOD PROSPECT,2025-10-08,2
GOOD RUNNER,2022-12-18,0
GOOD VIEW GLORY,2024-12-18,0
GOODBAN BANBANBANG,2024-01-24,0
GOODLUCK GOODLUCK,2023-06-28,0
GOODMANSHIP,2025-01-12,0
GOR GOR,2025-07-05,0
GOR MO TUEN,2025-07-09,0
GORGEOUS VITALITY,2025-01-22,0
GORGEOUS WIN,2025-09-28,2
GORYTUS,2023-04-12,0
GRACIOUS EXPRESS,2025-10-08,2
GRACYLOVE,2022-10-01,0
GRAND BOSS,2024-07-01,0
GRAND CONQUEROR,2024-07-01,0
GRAND NOVA,2025-10-08,3
GRAND POWER,2022-11-30,0
GRATEFUL HEART,2024-05-05,0
GREAT ACHIEVER,2024-07-10,0
GREAT BRILLIANT,2023-11-26,0
GREAT DAYS,2024-05-19,0
GREAT FOR YOU,2023-06-10,0
GREAT LEGACY,2025-07-16,0
GREAT LOOKING,2025-06-22,0
GREAT SPIRIT,2025-10-01,2
GREAT STATE,2025-02-09,0
GREEN LASER,2024-06-26,0
GREEN N WHITE,2025-01-31,0
GREENWICH,2024-11-17,0
GREY CHARGER,2025-09-28,2
GROOVY FEELING,2025-10-01,3
GUMMY GUMMY,2025-09-14,1
GUSTOSISIMO,2025-10-01,1
GUSTY FIGHTER,2025-07-05,0
H Z TOURBILLON,2024-05-08,0
HA LEE CHARM,2023-03-19,0
HAILTOTHEVICTORS,2025-10-01,2
HAKKA RADIANCE,2025-10-08,4
HALO OF SUCCESS,2025-01-01,0
HAMERON,2025-06-25,0
HANDSOME BLOND,2025-10-04,2
HANDSOME BO BO,2023-04-26,0
HANDSOME BOMB,2025-10-01,1
HANDSOME GUYS,2023-05-21,0
HANDSOME REBEL,2023-06-18,0
HANDSOME TWELVE,2023-10-25,0
HANDSOME VEGGIE,2022-12-18,0
HANG'S CHOICE,2024-07-04,0
HAPPIHOOD,2024-07-04,0
HAPPILY FRIENDS,2024-05-19,0
HAPPY ACTION,2025-09-28,2
HAPPY AGAIN,2025-02-09,0
HAPPY ANGEL,2023-12-29,0
HAPPY BEAR,2023-04-15,0
HAPPY BOYS,2025-10-08,3
HAPPY BUDDIES,2025-10-01,1
HAPPY DAILY,2025-04-23,0
HAPPY DAY,2025-01-26,0
HAPPY FAT CAT,2025-06-25,0
HAPPY FEELING,2025-01-31,0
HAPPY FOR ALL,2025-03-30,0
HAPPY FOREVER,2023-05-28,0
HAPPY GATHERING,2023-07-06,0
HAPPY GOLF,2024-04-10,0
HAPPY HERO,2025-02-16,0
HAPPY HOLIDAY,2025-04-13,0
HAPPY HORSE,2025-03-12,0
HAPPY HUNK,2024-09-28,0
HAPPY JAI JAI,2024-03-13,0
HAPPY LAND,2023-01-24,0
HAPPY MATADOR,2023-10-18,0
HAPPY MISSION,2023-12-17,0
HAPPY PARK,2025-10-08,2
HAPPY SHARING,2023-04-09,0
HAPPY SHOOTER,2025-04-02,0
HAPPY SOUL,2025-01-08,0
HAPPY TANGO,2025-09-17,1
HAPPY TOGETHER,2025-09-28,1
HAPPY TRIO,2025-04-30,0
HAPPY UNITED,2025-10-08,2
HAPPY UNIVERSE,2025-09-21,1
HAPPY WON,2023-05-24,0
HAPPYDEARHAPPYDEER,2025-01-05,0
HAR HAR AT HEART,2023-10-11,0
HARDLY SWEARS,2022-12-28,0
HARMONY AND RICH,2023-06-07,0
HARMONY FIRE,2025-10-08,3
HARMONY GALAXY,2025-10-08,4
HARMONY GREAT,2024-12-08,0
HARMONY N BLESSED,2025-09-28,2
HARMONY N HOME,2025-05-14,0
HAROLD WIN,2025-10-01,2
HARRY'S HERO,2025-10-08,3
HASTEN DELIGHT,2024-11-03,0
HAVA NAGEELA,2023-10-01,0
HAYDAY,2025-10-01,1
HE WAS ME,2025-10-01,2
HE WAS YOU,2025-04-13,0
HEALTHY GOLF,2025-03-15,0
HEALTHY HAPPY,2025-10-01,2
HEALTHY HEALTHY,2025-10-04,2
HEARTY WISH,2024-07-01,0
HEAVENLY THOUGHT,2023-07-06,0
HEI WONGCHOY,2022-10-16,0
HELENE ALLIBOR,2023-07-12,0
HELENE FEELING,2025-10-04,1
HELENE WARRIOR,2025-07-05,0
HELENE WISDOM STAR,2023-06-28,0
HELIOS EXPRESS,2025-05-31,0
HELLS BELLS,2024-04-14,0
HERCULES,2024-07-04,0
HERE COMES TED,2023-03-22,0
HERO ICON,2024-05-11,0
HERO SPARK,2025-09-14,1
HERO STAR,2024-12-26,0
HERO WARRIOR,2024-10-30,0
HEROIC MASTER,2025-07-01,0
HICKORY VICTORY,2024-04-03,0
HIGH CLOUD,2023-09-24,0
HIGH PERCENTAGE,2024-12-26,0
HIGH RISE POWER,2024-12-01,0
HIGH RISE SOLDIER,2024-03-06,0
HIGHFIELD PRINCESS,2023-12-10,0
HIGHLAND FORTUNE,2022-11-20,0
HIGHLAND RAHY,2025-09-10,1
HIGHLY PROACTIVE,2022-11-27,0
HINOKAMI KAGURA,2025-09-28,1
HISHI IGUAZU,2024-04-28,0
HIT THE SHOT,2023-06-28,0
HK DRAGON,2023-10-04,0
HO HO JUNIOR,2023-05-03,0
HO HO STAR,2025-05-31,0
HOLI MOLI,2022-10-05,0
HOLMES A COURT,2025-10-01,1
HOLY LAKE,2024-07-14,0
HOLY POWER,2024-10-23,0
HONEST WITNESS,2025-09-17,1
HONG KONG HALL,2025-06-14,0
HONG LOK GOLF,2025-10-01,1
HOODABUTTA,2023-02-12,0
HORIZON DORE,2023-12-10,0
HORSE OF GOOD LUCK,2024-03-20,0
HORSEPOWER,2025-06-28,0
HORSESAIN BOLT,2023-10-22,0
HOSS,2025-05-28,0
HOT AIR BALLON,2025-09-14,1
HOWDEEPISYOURLOVE,2025-02-23,0
HUGE WAVE,2025-10-01,1
HUGE WIN,2023-07-03,0
HUMBLE STAR,2024-07-04,0
HUNKY DORY,2023-09-27,0
HURRY HURRY RICH,2023-05-10,0
HYANNIS STAR,2025-05-25,0
HYPER DRAGON BALL,2025-04-13,0
I AM THE BOSS,2025-01-19,0
I CAN,2025-09-17,2
I GIVE,2024-12-22,0
I KEEP WINNING,2024-04-03,0
I P O BROS,2025-10-08,3
ICE LEGEND,2023-03-22,0
ICONICAL,2025-06-28,0
IGNITING,2022-12-14,0
IGOR STRAVINSKY,2025-07-05,0
IGOT,2025-03-15,0
ILLUMINOUS,2025-09-21,1
IMA SINGLE MAN,2024-07-06,0
IMPERIAL GOODNESS,2023-07-16,0
IMPERIAL MAGEE,2024-06-02,0
INCANTO PREPARED,2023-06-14,0
INCANTO STAR,2025-09-28,1
INCREDIBLE MOMENT,2025-10-01,1
INDIGENOUS REALM,2023-05-07,0
INFINITE POWER,2023-02-15,0
INFINITE RESOLVE,2025-10-04,2
INNO CENTURY,2025-10-08,2
INNO SUPER,2025-09-21,1
INNO TECH WINNER,2023-02-05,0
INNOCONSTRUCTION,2023-06-14,0
INNOTECH STAR,2024-07-04,0
INSPIRING CITY,2023-07-16,0
INTREPID WINNER,2025-03-12,0
INVICTUS DRAGON,2025-06-22,0
INVINCIBLE DELIGHT,2024-11-27,0
INVINCIBLE IBIS,2025-10-01,2
INVINCIBLE LUCKY,2025-01-31,0
INVINCIBLE MISSILE,2025-01-08,0
INVINCIBLE SAGE,2025-10-01,1
INVINCIBLE SHIELD,2025-06-08,0
IRESINE,2024-12-08,0
IRON FIGHTER,2025-04-30,0
IRON KING,2022-11-06,0
IRON LEGION,2025-09-14,1
IRON WILL,2023-04-23,0
ISLAND BREEZES,2025-05-18,0
ISLAND BRIGHT,2024-01-31,0
ISLAND BUDDY,2025-05-28,0
ISLAND GOLDEN,2025-10-04,2
ISLAND SHINE,2023-04-19,0
ISLAND SURPRISE,2024-05-15,0
IVICTORIAM,2025-04-06,0
IVY LEAGUE,2025-07-16,0
JACK D'OR,2022-12-11,0
JACK WIN,2023-07-06,0
JADE PHOENIX,2023-04-02,0
JAMES TAK,2025-02-23,0
JANTAR MANTAR,2024-12-08,0
JASPER KRONE,2023-12-10,0
JAZZ CLUB,2024-07-10,0
JAZZ STEED,2023-07-12,0
JAZZ WITH DRAGON,2023-05-13,0
JIANGXI STAMINA,2023-05-17,0
JOHANNES BRAHMS,2025-09-28,1
JOLLY COMPANION,2025-09-28,2
JOLLY FOREVER,2023-07-12,0
JOLLY HONOUR,2023-05-03,0
JOLLY JUMPER,2025-09-28,1
JOLLY RULER,2025-07-09,0
JOY COMING,2024-11-06,0
JOY FOR YOU,2024-03-16,0
JOY IN JOY,2024-05-29,0
JOY MASTER,2023-02-12,0
JOY OF SPRING,2025-10-04,2
JOYFUL CHAMPION,2025-07-01,0
JOYFUL FRIENDSHIP,2025-06-28,0
JOYFUL GENIUS,2023-07-16,0
JOYFUL HUNTER,2024-07-04,0
JOYFUL LIFE,2025-06-28,0
JOYFUL PROSPERITY,2025-10-08,2
JOYFUL SUPREME,2024-06-08,0
JOYFUL TREASURE,2025-09-28,1
JOYFUL WIN,2022-10-23,0
JOYOUS LILY,2025-04-02,0
JUBILANT WINNER,2025-09-14,1
JUBILATION,2025-01-26,0
JUBILATION FOR ALL,2025-10-01,1
JUDY'S GREAT,2025-07-01,0
JUICY DRAGON,2025-10-01,1
JUMBO FORTUNE,2025-09-14,1
JUMBO LEGEND,2025-09-17,1
JUMBO TREASURE,2025-10-04,2
JUNE PLANET,2024-03-20,0
JUNEAU FLASH,2023-10-29,0
JUNEAU PRIDE,2025-05-10,0
JUNKO,2023-12-10,0
JUST FOLLOW ME,2025-09-21,1
JUST GREAT TWO,2024-01-01,0
JUSTIFYING,2025-09-17,1
KA YING ATTACK,2025-06-28,0
KA YING CHEER,2025-06-04,0
KA YING GENERATION,2025-06-22,0
KA YING GLORIOUS,2023-02-05,0
KA YING GLORY,2025-06-28,0
KA YING MASTER,2023-06-04,0
KA YING POWER,2025-10-04,2
KA YING RADIANCE,2025-07-01,0
KA YING RESILIENCE,2025-09-07,1
KA YING RISING,2025-09-07,1
KA YING SPIRIT,2024-02-21,0
KA YING STAR,2023-02-26,0
KA YING SUPERB,2025-10-01,2
KA YING VICTORY,2025-04-16,0
KA YING WARRIOR,2025-06-22,0
KAHOLO ANGEL,2025-09-28,1
KAI XIN DRAGON,2022-09-18,0
KARATE EXPRESS,2025-03-12,0
KARMA,2025-03-15,0
KARUIZAWA,2023-03-01,0
KASA PAPA,2025-10-04,2
KASI FARASI,2024-02-12,0
KEEFY,2025-10-04,2
KEEN MOLLY,2025-10-08,3
KEEN UNITY,2024-10-23,0
KEEP YOU WARM,2023-10-04,0
KEMPES,2025-10-01,1
KIAMA,2025-05-04,0
KILINDINI,2024-03-27,0
KILLER INSTINCT,2024-01-10,0
KIMBERLEY,2024-11-06,0
KING ALLOY,2025-09-14,1
KING DANCE,2025-07-05,0
KING ECCELLENTE,2025-07-16,0
KING GLORIOSO,2025-10-01,1
KING INVINCIBLE,2024-07-10,0
KING LAND,2023-02-08,0
KING LOTUS,2025-09-17,1
KING MILES,2025-05-07,0
KING OBERON,2025-09-28,2
KING OF DUBAI,2025-05-25,0
KING OF FIGHTERS,2025-09-28,2
KING OF SELECTION,2025-10-04,1
KING OF THE COURT,2024-02-04,0
KING PROFIT,2025-10-04,1
KING SHOW,2025-06-28,0
KING TOURBILLON,2022-10-09,0
KING VICTOR,2025-07-09,0
KING'S CAPITAL,2023-05-17,0
KINGDOM OF RICHES,2025-09-21,2
KINGLY DEMEANOR,2025-09-17,1
KINGS SHIELD,2023-01-08,0
KNOW AT HEART,2025-10-08,3
KOKUSHI MUSOU,2024-12-11,0
KOLACHI,2025-10-01,1
KOWLOON EAST STAR,2024-05-01,0
KOWLOON GREAT,2023-07-06,0
KUNG FU TEA,2023-04-06,0
KUNGFUMASTER PANDA,2023-07-06,0
KURPANY,2024-05-22,0
KYEEMA,2024-06-08,0
KYRUS DRAGON,2025-10-08,2
KYRUS TREASURE,2025-10-04,1
KYRUS UNICORN,2024-09-25,0
LA CITY BLANCHE,2025-09-17,1
LA FORZA,2025-09-17,1
LA MOMENTO,2025-07-16,0
LADY BILLIE,2024-10-20,0
LADY FIRST,2022-11-12,0
LADY'S CHOICE,2025-07-05,0
LAHORE,2025-10-04,2
LAKESHORE HERO,2025-07-01,0
LAMMA HONOR,2022-12-04,0
LAPRAS,2025-10-01,2
LASER VICTORY,2023-03-11,0
LASERBLANCA,2025-03-02,0
LAUGH TALE,2024-07-06,0
LAWS OF INDICES,2022-12-11,0
LAZZAT,2024-12-08,0
LE MAILLOT JAUNE,2024-02-12,0
LE PLUS VITE,2023-05-28,0
LEADING ARTICLE,2025-06-14,0
LEADING FORTUNE,2023-11-11,0
LEAN HERO,2025-07-16,0
LEAN MASTER,2025-10-08,2
LEATHER MASTER,2025-10-08,4
LEATHER VANGUARD,2023-07-03,0
LEBENSSTIL,2023-12-10,0
LEEDOX,2024-12-29,0
LEGEND ST PAUL'S,2025-02-09,0
LEGEND STAR,2025-09-28,3
LEGENDARY IMPACT,2025-09-14,1
LEGENDARY YEARS,2025-05-31,0
LEGION OF MERIT,2024-07-04,0
LEI PAPALE,2022-12-11,0
LEISURE AND GOLD,2023-06-25,0
LESLIE,2025-10-04,2
LESS IS MORE,2024-10-01,0
LET'S DO IT,2024-07-06,0
LIBERTY ISLAND,2025-04-27,0
LIFE IS GOOD,2024-02-18,0
LIFE OF STONE,2025-05-07,0
LIFELINE EXPRESS,2025-07-05,0
LIFELINE VISION,2023-05-24,0
LIGHT OF WANSHI,2023-09-10,0
LIGHT YEARS CHARM,2025-09-28,1
LIGHT YEARS GLORY,2025-09-28,1
LIGHTNESS OF BEING,2025-03-09,0
LIGHTNESS OF MUSIC,2025-09-14,1
LIGHTNING ARROW,2025-07-13,0
LIGHTNING BOLT,2025-01-22,0
LIGHTNING STORM,2023-05-24,0
LIGHTNING WARRIOR,2022-10-23,0
LIKE THAT,2023-07-09,0
LIM'S KOSCIUSZKO,2023-12-10,0
LIM'S SHAVANO,2025-09-14,1
LINK,2024-12-29,0
LITTLE BROSE,2024-05-26,0
LITTLE FAIRY,2025-07-13,0
LITTLE MONSTER,2025-09-28,1
LITTLE PARADISE,2025-09-28,1
LITTLE PLAYER,2023-07-16,0
LITTLE SQUID,2025-06-14,0
LIVEANDLETLIVE,2025-06-14,0
LO PAN SPIRIT,2025-10-04,2
LO RIDER,2025-09-17,1
LOADED WITH FLUKE,2025-10-04,1
LONDON LUCKYSTAR,2023-05-24,0
LOOKING BRIGHT,2025-07-09,0
LOOKING COOL,2024-05-26,0
LOOKING GREAT,2024-05-08,0
LOOKS OUTSTANDING,2025-06-22,0
LORD OF THE ROSE,2024-11-06,0
LORD THUNDER,2023-01-04,0
LORIZ,2023-05-21,0
LOST CHILD,2025-05-25,0
LOTUS FAVORITES,2022-10-12,0
LOVEISINTHEAIR,2025-07-13,0
LOVERO,2025-05-14,0
LOVING VIBES,2025-10-08,3
LOYAL AMBITION,2024-04-24,0
LOYAL BABY,2024-03-20,0
LOYAL BO BO,2024-05-19,0
LUCK IS BACK,2025-10-04,2
LUCK STAR,2023-05-10,0
LUCKY ARCHANGEL,2025-07-01,0
LUCKY BANNER,2025-05-28,0
LUCKY BLESSING,2025-10-01,2
LUCKY CHARM,2024-02-18,0
LUCKY CHEVALIERS,2024-01-24,0
LUCKY COMBINATION,2025-05-04,0
LUCKY DIAMOND,2023-04-30,0
LUCKY EIGHT,2025-10-04,2
LUCKY ENCOUNTER,2024-11-20,0
LUCKY ETERNITY,2024-02-12,0
LUCKY FIELD,2025-07-16,0
LUCKY FIONN,2025-05-10,0
LUCKY FUN,2023-12-03,0
LUCKY GENERATIONS,2025-10-04,2
LUCKY GOLD,2025-06-28,0
LUCKY GOR,2023-12-26,0
LUCKY IMPACT,2025-05-31,0
LUCKY KING,2025-06-25,0
LUCKY MAN,2025-10-01,2
LUCKY MCQUEEN,2025-09-14,1
LUCKY MISSILE,2023-07-09,0
LUCKY MY WAY,2025-10-01,1
LUCKY PATCH,2022-11-20,0
LUCKY PLANET,2025-10-01,2
LUCKY QUALITY,2024-09-15,0
LUCKY RUBY,2023-10-25,0
LUCKY SAM GOR,2025-09-28,2
LUCKY STATEMENT,2025-09-07,1
LUCKY SWEYNESSE,2025-09-07,1
LUCKY SYMPHONY,2025-07-05,0
LUCKY TOUCH,2025-06-28,0
LUCKY TWENTY,2025-10-08,2
LUCKY TWIN STARS,2025-07-05,0
LUCKY VICTOR,2023-07-16,0
LUCKY WITH YOU,2025-09-07,1
LUCKY YEAR,2025-07-01,0
LUCY IN THE SKY,2025-03-02,0
LUGAL,2025-04-27,0
LUNAR DASH,2025-10-08,2
LUPO SOLITARIO,2025-05-04,0
LUXEMBOURG,2024-12-08,0
LYRICAL MOTION,2024-11-27,0
M M JOHNNY,2023-03-15,0
M M NEBULA,2024-04-20,0
M UNICORN,2025-05-28,0
MA COMET,2024-11-13,0
MACANESE MASTER,2025-10-04,2
MACH TEN,2024-01-01,0
MAD COOL,2024-04-28,0
MAGIC BEANS,2025-05-10,0
MAGIC COMBO,2025-09-14,1
MAGIC CONTROL,2025-10-01,2
MAGIC COSMOS,2025-07-05,0
MAGIC HALLOW,2025-07-01,0
MAGIC PHOENIX,2024-06-26,0
MAGIC SUPREME,2024-04-03,0
MAGIC TORONADO,2023-04-02,0
MAGIC TRAVELLER,2024-12-01,0
MAGNIAC,2025-07-05,0
MAGNIFICENT NINE,2025-07-01,0
MAGNIFIQUE,2025-07-05,0
MAJESTIC COLOUR,2024-11-03,0
MAJESTIC DELIGHT,2025-06-28,0
MAJESTIC EXPRESS,2025-09-14,1
MAJESTIC KNIGHT,2025-07-16,0
MAJESTIC SPEED,2024-10-01,0
MAJESTIC STAR,2024-01-04,0
MAJESTIC VICTORY,2024-03-13,0
MALDIVES,2023-12-13,0
MAN LIGHT,2023-07-01,0
MAN STAR,2023-12-26,0
MANAGEMENT FOLKS,2025-06-28,0
MANAGEMENT HEART,2023-07-09,0
MANAPHY,2025-02-23,0
MANRAY HONOUR,2024-06-12,0
MANY WINS,2022-11-27,0
MANYTHANKS FOREVER,2025-09-14,2
MARADO,2024-07-01,0
MARIO,2025-01-01,0
MARK THE MOMENT,2024-12-18,0
MARKWIN,2025-09-28,2
MARQUISAT,2024-12-08,0
MARVEL AND GOLD,2025-07-09,0
MARVEL DRAGON,2023-10-15,0
MASK RIDER,2025-09-14,1
MASSIVE ACTION,2025-02-12,0
MASSIVE SOVEREIGN,2025-07-13,0
MASSIVE TALENT,2024-06-02,0
MASTER AGILITY,2023-07-01,0
MASTER CHAMPION,2025-10-08,4
MASTER DELIGHT,2023-01-11,0
MASTER EIGHT,2023-10-22,0
MASTER HERO,2024-02-21,0
MASTER MASTERMIND,2024-11-17,0
MASTER MONTARO,2023-01-11,0
MASTER OF ALL,2025-09-14,1
MASTER OF FORTUNE,2024-03-10,0
MASTER OF HUMOR,2025-06-22,0
MASTER OF LUCK,2024-06-12,0
MASTER PHOENIX,2025-10-01,1
MASTER STROKE,2024-11-09,0
MASTER TORNADO,2024-10-30,0
MASTER TRILLION,2025-09-28,1
MASTEROFMYUNIVERSE,2025-07-05,0
MATSU VICTOR,2025-07-13,0
MATTERS MOST,2025-07-13,0
MAX QUE,2025-10-01,2
MAXIMIZE HEART,2024-07-14,0
MAXIMUS,2023-02-12,0
MAYHEM,2024-05-11,0
MAZING GRACE,2025-09-21,1
ME TIME,2025-04-30,0
MEANINGFUL DRAGON,2025-07-01,0
MEANINGFUL STAR,2023-11-15,0
MEDIC ELITE,2025-07-09,0
MEEPMEEP,2025-09-28,2
MEGA BONUS,2025-09-17,1
MEGA FORCE,2025-09-21,1
MEIKEI YELL,2022-12-11,0
MELBOURNE HALL,2024-02-15,0
MENDOCINO,2022-12-11,0
MEOWTH,2025-07-09,0
MERCHANT PRINCE,2024-10-30,0
METAL KING,2025-09-10,1
METHANE,2022-11-30,0
METRO POWER,2025-10-04,2
METRO WARRIOR,2025-02-09,0
MICKLEY,2025-10-01,2
MID WINTER WIND,2025-09-28,1
MIDAS TOUCH,2023-07-01,0
MIDORI BEAUTY,2024-02-04,0
MIDORI BURLY,2024-10-13,0
MIDORI FUJI,2025-06-04,0
MIDORI GIANT,2025-06-14,0
MIDORI GLORY,2025-01-22,0
MIGHTY ARMOUR,2024-02-28,0
MIGHTY COMMANDER,2025-10-08,3
MIGHTY GIANT,2022-10-26,0
MIGHTY STAR,2024-05-01,0
MIGHTY STEED,2025-10-08,3
MIGHTY STRENGTH,2025-10-04,1
MIGHTY STRIDE,2025-01-05,0
MIGHTY VALOR,2023-01-29,0
MILES AWAY,2025-04-30,0
MILLENNIUM FALCON,2024-04-24,0
MING SUPREME,2025-07-01,0
MIRACLE BEAMS,2023-04-06,0
MIRACLE FIGHTER,2025-07-01,0
MIRACLE VICTORY,2022-11-12,0
MIRACLES,2024-06-02,0
MIRACULOUS HONOUR,2023-06-25,0
MISSION BRAVO,2024-07-14,0
MISSION STRIKE,2025-09-21,1
MISSION VOICE,2024-09-15,0
MISTER ARM,2024-05-15,0
MISTER DAPPER,2025-07-13,0
MISTER FOX,2024-12-18,0
MISTER MONTE,2023-03-26,0
MIU FA FA,2025-01-05,0
MODEST GENTLEMAN,2025-10-01,2
MODULECONSTRUCTION,2025-07-13,0
MOERAKI,2022-10-09,0
MOJAVE DESERT,2025-10-04,3
MOLLY'S WITNESS,2024-09-08,0
MOMENTS IN TIME,2025-09-28,1
MOMENTUM GALAXY,2023-04-26,0
MONARCH COUNTY,2025-10-08,3
MONDIAL,2025-04-02,0
MONEY CATCHER,2025-10-04,1
MONEY TYCOON,2025-09-21,1
MONTA FRUTTA,2025-04-27,0
MOON CATCHER,2023-03-11,0
MOON PEAKS,2022-11-06,0
MOON ROCKET,2025-09-10,1
MOONLIGHT VISTA,2022-12-21,0
MOONLUCK,2023-03-01,0
MORE RICE,2025-03-09,0
MORE THAN ENOUGH,2022-10-30,0
MORE THAN THIS,2023-01-01,0
MORGAN SUCCESS,2025-06-22,0
MOTOMAN,2025-10-08,3
MOTOR,2025-09-21,1
MOUNT EVEREST,2025-05-10,0
MR ALADDIN,2025-10-08,5
MR ASCENDENCY,2025-10-04,1
MR BOLT,2025-06-28,0
MR BRIGHTSIDE,2025-04-27,0
MR COOL,2025-09-21,1
MR DESIRA,2025-09-28,1
MR ENERGIA,2025-09-14,1
MR FUN,2023-07-03,0
MR GOOD VIBES,2025-10-04,3
MR JUSTICE,2025-07-01,0
MR MAESTRO,2024-07-01,0
MR MAJESTIC,2023-10-04,0
MR VALIANT,2025-01-15,0
MR VIGOR,2025-05-10,0
MUGEN,2025-06-22,0
MULAN,2024-02-25,0
MULTIBINGO,2025-02-12,0
MULTIDARLING,2025-06-25,0
MULTIDUTCH,2025-10-04,2
MULTIMORE,2024-07-10,0
MULTISUPER,2025-03-02,0
MULTIWIN,2023-11-26,0
MURRAY'S PARTNERS,2023-05-13,0
MUSANG KING,2025-06-14,0
MUST GO,2025-10-01,3
MY DAY MY WAY,2025-06-25,0
MY ECSTATIC,2023-04-06,0
MY FLYING ANGEL,2025-10-04,2
MY INTELLIGENT,2025-07-16,0
MY WISH,2025-09-28,1
NABOO LEGEND,2023-11-22,0
NAMJONG KINGDOM,2025-06-25,0
NAMJONG SINGS,2023-07-01,0
NAMUR,2023-12-10,0
NARAN HULEG,2022-12-11,0
NATURAL GOLD,2024-01-21,0
NATURAL HIGH,2025-06-25,0
NATURAL STORM,2025-01-19,0
NAVAL FORCE,2025-03-02,0
NAVAS TWO,2023-01-15,0
NEARLY FINE,2024-12-11,0
NEBRASKAN,2025-10-08,3
NERVOUS WITNESS,2024-10-01,0
NEVER PETER OUT,2025-09-21,1
NEVER TOO SOON,2025-10-08,2
NEW ASIA ADVANCE,2022-12-24,0
NEW ASIA GREAT,2025-05-18,0
NEW FOREST,2025-09-21,1
NEW FUTURE FOLKS,2025-10-01,1
NEW POWER,2025-10-08,3
NEWBORN MIRACLE,2025-10-04,3
NEXTMODEL,2022-11-30,0
NEZHA,2025-10-04,1
NICCONI COUNTY,2024-03-13,0
NICE BIRDIE,2025-03-05,0
NICETOBEMET,2023-10-22,0
NICHOLSON RETURNS,2024-06-08,0
NIGHT PUROSANGUE,2025-10-04,2
NIMBLE NIMBUS,2025-06-22,0
NINJA DERBY,2025-09-28,1
NISHIKADO,2024-02-18,0
NO OTHER CHOICE,2025-10-01,3
NOBLE ACE,2023-07-16,0
NOBLE BOYZ,2023-12-06,0
NOBLE DELUXE,2025-10-01,3
NOBLE FANS,2025-09-21,2
NOBLE GO,2025-09-10,1
NOBLE ONE,2024-07-10,0
NOBLE PURSUIT,2025-09-10,1
NOBLE STEED,2023-09-17,0
NOBLE WIN,2024-10-20,0
NOBODY KNOWS,2023-02-22,0
NOIR RIDER,2024-04-17,0
NOISY BOY,2025-10-04,1
NORDIC COMBINED,2024-03-06,0
NORDIC DRAGON,2025-07-09,0
NORDIC SKY,2022-11-20,0
NORDIC STAR,2024-02-18,0
NORTH BRIDGE,2024-04-28,0
NORTHERN BEACHES,2025-06-14,0
NORTHERN BEAST,2025-10-01,2
NORTHERN FIRE BALL,2025-07-05,0
NOT A FEW,2024-11-27,0
NOT USUAL DRAGON,2025-01-22,0
NOT USUAL STAR,2024-12-08,0
NOTHING IMPOSSIBLE,2022-12-14,0
NOTHING NEW,2022-10-12,0
NOTORIOUS KING,2023-07-01,0
NOTTHESILLYONE,2025-09-28,1
NUCLEOZOR,2025-06-08,0
NUNCHUKS,2023-05-24,0
NYX GLUCK,2025-10-01,1
O'LINER,2025-05-28,0
OBAMBURUMAI,2024-04-28,0
OCEAN IMPACT,2025-10-04,1
OCTOCONNECT,2022-10-09,0
ODE TO JOY,2023-02-22,0
OFFROAD MASTER,2025-03-09,0
OH BRAVO,2022-12-14,0
OLDTOWN,2025-06-28,0
OMAKASE,2025-01-05,0
ON EXCEL STAR,2023-03-29,0
ON THE LASH,2025-06-22,0
ONE AND ONLY,2025-10-01,2
ONE FOR ALL,2025-03-19,0
ONE HEART ONE,2024-01-28,0
ONE MAN SHOW,2025-10-01,1
ONE MORE,2025-10-01,1
ONE STEP AHEAD,2023-04-15,0
ONE VOICE,2022-11-27,0
ONLY U,2025-10-04,2
ORDER OF AUSTRALIA,2022-12-11,0
ORIENTAL SMOKE,2025-10-01,3
ORIENTAL SPIRIT,2023-09-10,0
ORIENTAL SURPRISE,2025-09-14,2
ORIENTAL TYCOON,2025-07-13,0
OSCAR GLORY,2023-07-16,0
OSI HONOUR,2025-06-25,0
OTOKOMAE,2025-09-28,2
OUR CLASS ACT,2023-10-18,0
OUR CREED,2023-07-06,0
OUR LUCKY GLORY,2025-10-08,3
OUT TO WIN,2023-05-13,0
OUTGATE,2025-10-01,2
OUTPACER,2022-12-24,0
OVER THE MOON,2023-05-13,0
OVERSUBSCRIBED,2024-07-04,0
OWNERS' PRAISE,2025-05-07,0
OWNERS' STAR,2023-10-01,0
OWNERS' SUNSHINE,2025-09-28,2
PACHISI,2023-09-13,0
PACKING ANGEL,2025-03-23,0
PACKING AWARD,2023-07-12,0
PACKING BOLE,2025-10-04,2
PACKING BRILLIANT,2024-06-15,0
PACKING FAMOUS,2022-12-07,0
PACKING GOODSING,2022-11-06,0
PACKING HERMOD,2025-09-28,1
PACKING HURRICANE,2025-10-01,1
PACKING KNOCKHILL,2023-07-03,0
PACKING MONKEYKING,2023-04-06,0
PACKING PHOENIX,2025-09-28,1
PACKING POWER,2025-03-30,0
PACKING PRESENT,2023-02-19,0
PACKING PROSPECT,2024-03-10,0
PACKING SUCCEEDER,2023-10-29,0
PACKING TREADMILL,2024-12-08,0
PACKING TURBINE,2025-06-14,0
PACKING VICTORY,2022-11-20,0
PACKING WISHER,2024-05-22,0
PAINTER,2022-10-30,0
PAKISTAN FRIEND,2024-11-03,0
PAKISTAN LEGACY,2025-07-01,0
PAKISTAN ZINDABAD,2022-12-07,0
PALACE PAL,2024-12-11,0
PANACEA,2025-09-28,1
PANDA,2025-03-15,0
PANDA LEGEND,2025-10-01,2
PANFIELD,2023-06-25,0
PANTHALASSA,2022-12-11,0
PARENTS' LOVE,2025-10-08,3
PARTERRE,2025-07-13,0
PARTY WARRIOR,2025-02-05,0
PASSING FASHION,2023-03-22,0
PATCH OF COSMO,2025-03-09,0
PATCH OF DIAMONDS,2024-11-27,0
PATCH OF KINGDOM,2024-02-12,0
PATCH OF LUCKY,2025-03-15,0
PATCH OF STARS,2025-09-07,1
PATCH OF THETA,2025-09-28,1
PATCH OF TIME,2025-09-28,2
PATCH OF WATCH,2025-10-04,3
PEAK TO PEAK,2023-10-29,0
PEARL OF PANG'S,2025-09-21,1
PEGASUS GENERAL,2025-04-16,0
PEGASUS HERO,2023-06-28,0
PEJIBAYE,2025-07-13,0
PERFECT GENERAL,2025-06-22,0
PERFECT MARYKNOLL,2023-06-25,0
PERFECT PAIRING,2025-10-01,2
PERFECT PEACH,2025-09-28,2
PERFECT ROCK,2024-02-04,0
PERFECT TEAM,2025-03-26,0
PERFECT TO GREAT,2023-05-31,0
PERFECTDAY,2025-06-08,0
PERFECTO MOMENTS,2025-10-08,3
PERFETTO,2024-03-16,0
PERFUSE,2024-10-20,0
PERIDOT,2025-09-21,1
PERPETUAL POWER,2025-06-28,0
PHANTOM CYCLONE,2025-10-01,1
PHILOS,2025-02-12,0
PHOENIX LIGHT,2025-02-23,0
PING HAI BRAVO,2022-10-23,0
PING HAI COMET,2025-06-14,0
PING HAI GALAXY,2024-04-03,0
PINGWU SPARKLE,2024-01-21,0
PINS PRINCE,2024-07-01,0
PLEASANT ENDEAVOR,2024-12-29,0
PLENTIFUL,2025-10-08,3
PLENTY PLENTY,2024-03-31,0
PO ON WAY,2024-03-06,0
POCHETTINO,2025-07-13,0
PODIUM,2025-10-01,1
POLARIS,2025-01-15,0
POLARIS WINNER,2022-12-14,0
POLYMER GLORIOUS,2023-06-25,0
POPE CODY,2025-09-28,2
POSITIVE SMILE,2025-09-14,1
POWER KOEPP,2025-09-10,1
POWER SUMMIT,2025-09-28,2
POWERFUL WINGS,2024-06-15,0
PRADARIA,2024-12-08,0
PRAGMATISM,2023-01-29,0
PRAWNS ELEVEN,2025-03-19,0
PRAY FOR MIR,2025-09-28,2
PRECIOUS HILL,2025-07-05,0
PRECISE EXPRESS,2024-07-04,0
PRECISION GOAL,2025-10-04,2
PRESIDENT'S CHOICE,2023-12-23,0
PRESS LINK,2024-11-17,0
PRESTIGE ALWAYS,2025-10-01,1
PRESTIGE GOOD,2025-10-08,2
PRESTIGE HALL,2025-06-22,0
PRESTIGE MOOCHI,2024-07-10,0
PRESTIGE RICKY,2025-10-01,2
PRESTIGE SUPERIOR,2025-06-22,0
PRETTY QUEEN PRAWN,2022-11-30,0
PRIDE BELIEVER,2025-10-01,1
PRIDE OF DRAGON,2023-03-11,0
PRIDE OF EIGHT,2022-10-05,0
PRIME MINISTER,2024-03-13,0
PRIME MORTAR,2025-07-09,0
PRINCE ALEX,2025-09-17,2
PRINCE CHISWICK,2024-01-21,0
PRINCE OF BON BON,2023-02-05,0
PRINCE OF PORTY,2025-03-12,0
PRINCIPLED,2024-11-09,0
PRIVATE ROCKET,2022-11-06,0
PROGNOSIS,2025-04-27,0
PROSECCO,2024-05-26,0
PROSPEROUS SMILE,2024-03-10,0
PROUD BOX,2025-09-21,1
PROUD DRAGON,2023-11-01,0
PUBLICIST,2023-07-16,0
PULSAR STRIDER,2024-06-15,0
QINGYUAN STAR,2025-04-16,0
QUADRUPLE DOUBLE,2023-05-07,0
QUANTUM PATCH,2025-10-08,3
QUICK CONTRIBUTION,2025-07-01,0
QUICK MONEY,2025-10-04,1
QUICK QUICK WIN,2025-05-28,0
QUORUM,2023-03-01,0
RACING FIGHTER,2023-05-13,0
RACINGRACE,2025-03-19,0
RADIANT SWIFT,2025-09-21,1
RAGGA BOMB,2025-10-04,2
RAGING BLAZE,2023-05-03,0
RAGING BLIZZARD,2025-10-01,2
RAGING RAPIDS,2025-10-01,2
RAGNARR,2025-10-01,2
RAINBOW DELIGHT,2024-02-25,0
RAINBOW LIGHT,2023-07-01,0
RAINBOW SEVEN,2025-10-01,1
RAMADAN,2025-03-15,0
RATTAN GALAXY,2025-09-21,1
RATTAN KINGDOM,2024-01-01,0
RATTAN WORLD,2024-12-29,0
REACH GOAL,2024-07-14,0
READY PLAYER ONE,2024-02-07,0
READY TO WIN,2024-02-15,0
REBEL'S ROMANCE,2024-05-26,0
RECOMMENDATION,2024-12-08,0
RED ACLAIM,2024-10-13,0
RED BRICK FIGHTER,2023-06-25,0
RED DESERT,2023-11-26,0
RED ELEGANCE,2025-06-28,0
RED ELYSEES,2023-06-07,0
RED HARE KING,2025-02-26,0
RED IMPACT,2023-05-13,0
RED LEADER,2023-05-24,0
RED LION,2025-05-31,0
RED MAJESTY,2025-07-09,0
RED MAVERICK,2025-03-15,0
RED TITAN,2023-03-05,0
REFUSETOBEENGLISH,2025-09-28,1
REGAL GEM,2025-10-08,3
REGENCY BO BO,2023-06-04,0
REGENCY GEM,2023-04-09,0
REGENCY HAPPY STAR,2025-04-06,0
REGENCY MASTER,2023-06-25,0
REGENCY POET,2022-10-05,0
REGENCY STAR,2023-04-02,0
REGENCY WIN WIN,2025-06-22,0
REGENT GLORY,2025-02-26,0
RELIABLE PROFIT,2025-10-04,1
RESISTENCIA,2022-12-11,0
REVE PARISIEN,2023-06-18,0
REWARD SMILE,2024-10-27,0
REWARDING BUDDY,2025-09-17,1
REWARDING TOGETHER,2024-02-12,0
REWARDING TWINKLE,2025-10-01,1
REZEKI,2025-10-04,1
RICH HORSE,2025-05-28,0
RIDING HIGH,2025-10-01,1
RIDING TOGETHER,2025-07-13,0
RIGHT AS RAIN,2023-11-11,0
RIGHT HONOURABLE,2024-11-20,0
RIGHTEOUS ARION,2025-07-05,0
RIGHTEOUS DOCTRINE,2024-01-24,0
RING BELLS,2023-10-15,0
RISE BRETHREN,2023-12-23,0
RISE COMPANIONS,2024-01-21,0
RISING FORCE,2025-06-14,0
RISING FROM ASHES,2025-09-21,2
RISING PHOENIX,2025-09-28,2
RIVER VIEWS,2024-07-01,0
ROARING BEBE,2025-02-05,0
ROBOT FIGHTER,2024-04-20,0
ROBOT KNIGHT,2025-06-14,0
ROBOT LUCKY STAR,2025-07-01,0
ROBOT MASTER,2025-04-13,0
ROBOT WARRIOR,2023-04-15,0
ROCK YA HEART,2023-04-26,0
ROCKET SPADE,2025-09-17,1
ROCKPAPERSCISSORS,2022-10-01,0
ROMAN CROWN,2025-10-04,2
ROMAN TURBO,2023-09-10,0
ROMANTIC CHARM,2024-07-10,0
ROMANTIC COMBO,2023-03-29,0
ROMANTIC FANTASY,2025-10-01,2
ROMANTIC HERO,2023-12-10,0
ROMANTIC LAOS,2025-09-17,1
ROMANTIC NOVELIST,2025-03-26,0
ROMANTIC PARTY,2025-09-28,2
ROMANTIC SON,2025-10-08,3
ROMANTIC THOR,2025-02-16,0
ROMANTIC WARRIOR,2024-12-08,0
ROSEWOOD FLEETFOOT,2025-09-21,1
ROUND THE EARTH,2024-03-03,0
ROUND THE GLOBE,2023-12-10,0
ROUSHAM PARK,2023-12-10,0
ROYAL AGILITY,2023-02-26,0
ROYAL BOMB,2023-03-29,0
ROYAL CAMPBELL,2022-09-25,0
ROYAL PATRONAGE,2025-04-27,0
ROYAL PRIDE,2024-03-06,0
RUBY SAILING,2025-10-04,2
RUBYLOT,2025-09-28,1
RUN DES RUN,2023-01-08,0
RUN RAN RUN,2025-07-13,0
RUN RUN BUDDY,2023-05-13,0
RUN RUN COOL,2024-10-23,0
RUN RUN GOOD,2023-05-10,0
RUN RUN SMART,2025-09-28,2
RUN RUN TIMING,2025-07-01,0
RUN THE TABLE,2022-10-30,0
RUN YES RUN,2025-09-10,1
RUNJEET,2025-05-18,0
RUNNING AHEAD,2025-02-05,0
RUNNING BOY,2024-07-10,0
RUNNING GLORY,2024-05-05,0
RUSSIAN EMPEROR,2024-05-26,0
S J TOURBILLON,2025-10-04,2
SAKEWIN,2024-05-19,0
SAL,2025-07-13,0
SALIOS,2022-12-11,0
SALUTE KING PRAWN,2025-10-04,1
SAMARKAND,2025-09-17,2
SAME TO YOU,2025-10-04,2
SANDMAN,2025-06-04,0
SANTORINI,2025-07-13,0
SATIRICAL FAN,2025-07-16,0
SATIRICAL GLORY,2024-12-11,0
SATONO REVE,2025-04-27,0
SAUVESTRE,2024-01-21,0
SAVAQUIN,2023-07-12,0
SAVVY BRILLIANT,2025-07-01,0
SAVVY CHIC,2024-06-26,0
SAVVY DELIGHT,2024-02-15,0
SAVVY ELEGANCE,2024-04-14,0
SAVVY KINGMAN,2023-04-26,0
SAVVY NINE,2023-05-31,0
SAVVY TWINKLE,2025-06-25,0
SAVVY WARRIOR,2025-07-13,0
SCHNELL MEISTER,2022-12-11,0
SCHOLARLY KING,2023-03-01,0
SCIENCE PATCH,2023-02-15,0
SCOTCH TYCOON,2024-10-30,0
SEA AIR LEGEND,2024-09-28,0
SEA CHARIOT,2025-09-21,1
SEA EMERALD,2025-10-01,2
SEA MONARCH,2023-02-22,0
SEA SAPPHIRE,2025-09-28,2
SEASONS BLISS,2023-06-04,0
SEASONS WIT,2025-06-25,0
SEATOSKY,2023-05-24,0
SEAWEED FORTUNE,2023-03-05,0
SECOND TO NONE,2025-10-04,2
SECRET VISION,2023-10-15,0
SEE U AGAIN,2024-02-07,0
SEIZE THE DREAM,2023-09-24,0
SEIZING THE MOMENT,2024-04-20,0
SELF IMPROVEMENT,2025-07-16,0
SENOR TOBA,2025-07-16,0
SERANGOON,2025-06-28,0
SERGEANT PEPPER,2025-10-08,3
SERIFOS,2023-12-10,0
SETANTA,2025-10-08,3
SHADOW RUNNER,2023-03-08,0
SHAMUS STORM,2025-10-01,1
SHANGHAI DRAGON,2023-01-08,0
SHANGHAI POWER,2023-03-05,0
SHANGHAI STYLE,2025-10-04,2
SHARPEN BRIGHT,2025-10-01,2
SHENRON,2023-05-03,0
SHENZHOU TWELVE,2024-01-24,0
SHINE BRIGHT,2025-06-28,0
SHINING FORTUNE,2024-01-24,0
SHINING GEM,2023-05-21,0
SHINING RED,2022-11-27,0
SHINKANSEN,2025-07-09,0
SHINY RAPIDASH,2025-04-06,0
SHINY TWO,2023-07-12,0
SHINYU KOKOROE,2025-10-04,3
SHOTGUN,2025-05-07,0
SHOW RESPECT,2024-04-17,0
SIGHT DREAMER,2025-09-28,2
SIGHT HAPPY,2025-09-28,2
SIGHT HERO,2024-07-10,0
SIGHT SPIRIT,2023-02-08,0
SIGHT SUCCESS,2024-06-02,0
SIGHT SUPREME,2025-10-04,3
SIGHT VICTORY,2024-03-16,0
SIKANDAR,2025-01-26,0
SILK ROAD GLORY,2025-01-05,0
SILO,2025-04-06,0
SILVER DESTINY,2025-06-28,0
SILVER EXPRESS,2022-11-27,0
SILVER FIG,2022-12-04,0
SILVER HAMMER,2023-04-23,0
SILVER KING,2025-09-28,1
SILVER SONIC,2024-06-08,0
SILVER SPURS,2025-10-08,3
SILVER UP,2025-10-01,1
SILVERY BREEZE,2025-10-01,1
SIMPLE DOCTRINE,2023-02-15,0
SIMPLE HEDGE,2025-10-08,3
SIMPLY MAVERICK,2025-03-12,0
SINBA,2024-02-12,0
SING DRAGON,2025-10-04,2
SINGAPORE SPIRIT,2023-09-17,0
SINGAPORE SUNSHINE,2023-06-25,0
SIR CHARGE,2025-10-04,2
SIR HURRICANE,2024-02-18,0
SIX BEST FRIENDS,2024-06-15,0
SIX PACK,2025-10-01,1
SIXTH GENERATION,2024-12-04,0
SKY CAP,2025-06-25,0
SKY DEEP,2025-03-23,0
SKY FIELD,2023-02-05,0
SKY FOREVER,2024-12-26,0
SKY GEM,2023-02-15,0
SKY HEART,2025-04-30,0
SKY JEWELLERY,2025-04-06,0
SKY JOY,2025-01-19,0
SKY PROPHET,2025-06-08,0
SKY SONG,2025-10-01,2
SKY TRUST,2025-09-21,1
SKY VINO,2025-10-01,1
SKYEY BLUE,2025-04-06,0
SKYEY SUPREME,2023-07-06,0
SMART AVENUE,2025-07-01,0
SMART BEAUTY,2025-09-28,2
SMART CITY,2025-07-09,0
SMART COUSIN,2023-06-07,0
SMART ENGINEER,2025-07-13,0
SMART FAT CAT,2025-07-13,0
SMART FIGHTER,2025-07-05,0
SMART FOLKS,2024-07-06,0
SMART FUTURE,2022-11-27,0
SMART IDEA,2023-07-06,0
SMART LEADER,2025-02-12,0
SMART TRIO,2025-10-04,2
SMART ZIPANG,2025-06-22,0
SMASHING EXPRESS,2025-09-28,3
SMILING CITY,2023-01-11,0
SMILING COLLECTOR,2025-07-13,0
SMILING EMPEROR,2025-10-08,2
SMILING FACE,2023-07-09,0
SMILING FALCON,2025-10-04,1
SMILING MOON,2023-05-28,0
SMILING ONE,2025-07-01,0
SMILING TIME,2024-05-26,0
SMOKEY BEAR,2024-03-16,0
SMOOTHIES,2022-11-23,0
SNAFFLES,2023-11-05,0
SNOWALOT,2025-03-12,0
SNOWFIELD,2025-09-28,2
SNOWTHORN,2025-10-08,3
SO AWESOME,2025-07-09,0
SO TREASURE,2025-03-12,0
SO WE JOY,2024-06-23,0
SO WE SING,2024-12-08,0
SO YOU TRUST,2023-03-26,0
SOARING BRONCO,2025-10-08,3
SOARING PENGSHAN,2023-07-09,0
SOARING TOWER,2024-09-15,0
SOLAR GOGO,2025-03-19,0
SOLAR PARTNER,2024-09-25,0
SOLAR RIVER,2025-07-16,0
SOLAR UP,2025-07-05,0
SOLAR WINDS,2023-02-12,0
SOLEIL FIGHTER,2025-10-04,2
SOLID CAR,2025-07-13,0
SOLID IMPACT,2025-06-28,0
SOLID SHALAA,2025-09-14,1
SOLID WIN,2025-09-21,1
SOMELOVEFROMABOVE,2025-09-28,1
SOMETHING JONAH,2025-07-01,0
SON PAK FU,2025-06-14,0
SONIC BOOM,2025-09-28,2
SONIC PEGASUS,2023-10-11,0
SONIC PURSUIT,2025-02-26,0
SOO FRESH,2023-07-01,0
SOUL RUSH,2024-12-08,0
SOUTH STAR,2025-09-28,1
SOVEREIGN FUND,2025-10-08,3
SPANGLE FORTUNE,2025-10-04,3
SPANISH FLAME,2025-03-02,0
SPARKLE AND GOLD,2025-09-21,1
SPARKLING DOLPHIN,2024-02-04,0
SPARKLING FELLOW,2025-06-08,0
SPARKLING KNIGHT,2024-03-10,0
SPARKY STAR,2023-12-20,0
SPARTAN MISSILE,2022-10-09,0
SPECIAL HEDGE,2025-09-21,1
SPECIAL M,2023-04-26,0
SPEED DRAGON,2025-02-16,0
SPEED FAY FAY,2023-06-04,0
SPEED FORCE,2023-05-24,0
SPEED SWORD,2025-01-26,0
SPEEDSTAR,2024-12-01,0
SPEEDY CHARIOT,2025-04-06,0
SPEEDY FORTUNE,2025-05-18,0
SPEEDY MOUSE,2023-04-02,0
SPEEDY SMARTIE,2025-09-28,2
SPEEDY TRIDENT,2025-09-28,1
SPICY GOLD,2025-10-08,3
SPICY GRILL,2023-02-08,0
SPICY KNUCKLES,2025-06-28,0
SPICY SKEWER,2023-12-03,0
SPICY SO SMART,2025-09-17,1
SPICY SPANGLE,2025-09-17,1
SPICY STANDARD,2025-09-28,2
SPIRIT DANCER,2024-12-08,0
SPIRIT OF PEACE,2025-09-28,2
SPIRITED EXPRESS,2024-06-02,0
SPLENDID FEELING,2023-03-22,0
SPLENDID LIVING,2024-06-26,0
SPLENDID STAR,2024-11-13,0
SPLIT OF A SECOND,2022-12-28,0
SPONGE BABE,2024-11-17,0
SPONTANEOUS,2022-12-04,0
SPORTIC WARRIOR,2025-10-04,1
SPORTS LEGEND,2025-10-08,2
STAND UP,2023-10-25,0
STANLEY EXPRESS,2025-09-21,1
STAR ASCENSION,2023-05-03,0
STAR BRITE,2023-04-09,0
STAR BROSE,2025-09-21,1
STAR CLUB,2024-07-06,0
STAR CONTACT,2025-10-08,3
STAR FIGURE,2025-04-06,0
STAR GLOW,2025-09-17,1
STAR LINE,2024-12-29,0
STAR MAC,2025-07-09,0
STAR OF GLORY,2024-07-06,0
STAR OF WUYI,2022-12-28,0
STAR OF YIU CHEUNG,2023-05-13,0
STAR OF YUEN LONG,2023-07-16,0
STAR PERFORMER,2025-10-01,2
STAR RISE,2025-09-28,1
STAR SATYR,2025-10-04,2
STARFIRE GEMS,2023-02-26,0
STARLUST,2024-12-08,0
STARMEN,2025-01-26,0
STARRY NIGHT,2023-10-29,0
STARSHIP EIGHTY,2024-06-23,0
STEEL WIN,2023-02-12,0
STELLAR EXPRESS,2025-10-04,1
STELLAR GRANDE,2025-03-23,0
STELLAR SWIFT,2025-07-13,0
STELLENBOSCH,2024-12-08,0
STEPS AHEAD,2025-10-01,2
STERLING WONGCHOY,2025-10-08,2
STOICISM,2023-10-11,0
STOLTZ,2024-06-02,0
STONE AGE,2022-12-11,0
STORM LEGEND,2024-07-14,0
STORM RIDER,2025-09-28,1
STORM RUNNER,2025-10-08,3
STORM WINNER,2024-11-09,0
STORMI,2025-10-08,2
STORMING DRAGON,2025-10-08,3
STORMTROUPER,2024-04-24,0
STRADALE,2022-12-18,0
STRAIGHT ARRON,2025-06-22,0
STRAIGHT TO GLORY,2025-07-13,0
STRANGE ALERT,2025-10-01,1
STRATHBARRY,2024-09-28,0
STRATHPEFFER,2025-10-04,2
STREET CONQUEROR,2025-01-08,0
STREET SCREAM,2023-09-27,0
STRIVE FOR GLORY,2025-02-12,0
STRONGER,2023-01-08,0
STRONGEST BOY,2025-09-28,2
STUNNING IMPACT,2023-03-19,0
STUNNING PEACH,2025-03-23,0
STURDY RUBY,2025-10-08,3
SUCCESS ALLSTARS,2022-11-30,0
SUCCESS FIGHTER,2022-12-21,0
SUGAR BALL,2025-09-14,1
SUGAR QUEEN PRAWN,2025-10-01,1
SUGAR SUGAR,2025-10-01,2
SUMMIT CHEERS,2025-05-10,0
SUMMIT IMPACT,2024-05-01,0
SUN OF MAKFI,2024-06-23,0
SUN WUKONG,2025-07-05,0
SUNDAY'S SERENADE,2025-10-01,2
SUNLIGHT POWER,2025-09-28,1
SUNNY AND GOLD,2023-03-08,0
SUNNY BABY,2024-11-27,0
SUNNY BOY,2023-06-18,0
SUNNY DA BEST,2025-07-01,0
SUNNY DARLING,2025-09-28,2
SUNNY DELIGHT,2023-06-07,0
SUNNY GALAXY,2025-04-02,0
SUNNY Q,2025-10-01,2
SUNNY SHINES,2024-12-04,0
SUNNY SING SPIRIT,2025-10-08,3
SUNNY STAR,2023-09-27,0
SUNNYVALE,2025-03-23,0
SUNRISE RONALDO,2024-04-28,0
SUNSET TRAIL,2025-09-07,1
SUNSHINE LEGENDARY,2023-07-06,0
SUNSTRIDER,2025-03-09,0
SUPER ACE,2022-11-27,0
SUPER AXIOM,2024-07-01,0
SUPER BABY,2025-03-09,0
SUPER BEN,2024-11-13,0
SUPER BONUS,2024-09-08,0
SUPER BUDDY,2023-11-01,0
SUPER CHARIZZARD,2025-10-01,2
SUPER CLASS,2023-07-03,0
SUPER COMMANDER,2024-06-12,0
SUPER CONTENTED,2025-03-19,0
SUPER DOBBIN,2023-06-28,0
SUPER DRAGON,2025-07-05,0
SUPER DYNAMITE,2023-01-29,0
SUPER EAGLE,2025-06-25,0
SUPER ELITE,2025-09-07,1
SUPER EXPRESS,2025-06-22,0
SUPER FAST DRAGON,2024-03-20,0
SUPER FOOTBALL,2023-10-15,0
SUPER FORTUNE,2025-07-01,0
SUPER GLORY,2024-12-18,0
SUPER GOLDI,2025-04-09,0
SUPER HIGHWAY,2024-07-04,0
SUPER HONG KONG,2025-10-08,4
SUPER HORNET,2024-04-24,0
SUPER INFINITY,2025-07-13,0
SUPER JOY,2025-03-26,0
SUPER JOY N FUN,2025-10-08,2
SUPER KING,2023-04-26,0
SUPER KINGDOM,2023-02-19,0
SUPER LEGENDS,2025-10-01,2
SUPER LOVE,2025-10-04,1
SUPER LOVE DRAGON,2024-12-08,0
SUPER MAGIC,2023-05-13,0
SUPER MISSION,2022-11-16,0
SUPER OASIS,2023-06-18,0
SUPER PACE,2025-10-08,3
SUPER RED DRAGON,2022-11-27,0
SUPER SICARIO,2025-10-08,3
SUPER SIXTY,2025-10-08,3
SUPER STRONG KID,2025-09-07,1
SUPER STRONG MAN,2024-12-08,0
SUPER SUNNY SING,2024-04-07,0
SUPER TAICHI,2024-10-20,0
SUPER TEN,2024-05-08,0
SUPER TREASURE,2025-06-04,0
SUPER UNICORN,2025-09-21,2
SUPER UNIVERSAL,2025-10-04,2
SUPER VINCE,2023-07-12,0
SUPER WEALTHY,2024-02-12,0
SUPER WIN DRAGON,2024-12-18,0
SUPER WINNER,2024-05-29,0
SUPER WISE DRAGON,2024-12-22,0
SUPERB BOY,2025-09-28,1
SUPERB CAPITALIST,2025-09-17,1
SUPERB DADDY,2024-07-14,0
SUPERB GUY,2025-09-21,2
SUPERB KID,2025-10-01,2
SUPERB KING,2025-10-04,1
SUPERB MOVE,2025-07-16,0
SUPERB WITNESS,2024-05-08,0
SUPERBELLA,2023-06-18,0
SUPERSONIC,2024-09-22,0
SUPREME AGILITY,2025-09-28,2
SUPREME LUCKY,2024-12-01,0
SUPREME MASTERMIND,2025-09-28,2
SUPREME WINNER,2025-09-28,1
SURE JOYFUL,2025-09-17,1
SURE WIN WIN,2023-06-07,0
SURE WINNER,2023-06-18,0
SURREALISM,2023-07-09,0
SURUGA BAY,2025-03-09,0
SWAGGER BRO,2025-05-14,0
SWAN BAY,2024-02-04,0
SWEET BRIAR,2025-06-08,0
SWEET DIAMOND,2025-05-28,0
SWEET ENCOUNTER,2024-11-24,0
SWEET SMILE,2025-03-09,0
SWIFT ASCEND,2025-07-01,0
SWORD POINT,2025-06-22,0
SYMBOL OF STRENGTH,2025-07-05,0
SZERYNG,2025-07-05,0
TACTICAL COMMAND,2025-10-04,1
TAI VICTORY,2025-09-28,2
TAIHANG SCENERY,2025-07-05,0
TAILOR MADE,2023-03-11,0
TAJ DRAGON,2025-10-01,2
TAKE ACTION,2025-10-08,3
TAKE WHAT YOU NEED,2023-03-11,0
TAKINGUFURTHER,2023-02-12,0
TALE OF PERTH,2024-12-18,0
TALENTS AMBITION,2025-10-04,1
TALENTS SUPREMO,2025-09-10,1
TAMRA BLITZ,2025-03-23,0
TARGET AUDIENCE,2025-07-13,0
TASTIERA,2025-04-27,0
TATTENHAM,2025-06-28,0
TEAM GOODLUCK,2023-01-01,0
TEAM HAPPY,2025-10-04,3
TEAM SPIRIT,2023-07-09,0
TEAM TEAM FOLKS,2025-07-05,0
TELECOM BULLET,2024-11-27,0
TELECOM CHEETAH,2023-07-06,0
TELECOM DRAGON,2025-03-19,0
TELECOM FIGHTERS,2025-10-04,2
TELECOM MISSILE,2023-02-05,0
TELECOM POWER,2025-09-17,1
TELECOM SPEED,2024-06-26,0
TELECOM SPIRIT,2023-11-15,0
TELL ME MORE,2025-01-01,0
TEMPEST EXPRESS,2023-09-10,0
TEST FOR LOVE,2025-03-19,0
TEXAS MOON,2023-12-10,0
THE ABSOLUTE,2025-07-05,0
THE ALL OUT,2025-10-04,2
THE ALL ROUNDER,2025-06-08,0
THE ANOMALY,2022-12-07,0
THE AUSPICIOUS,2025-09-28,2
THE AZURE,2025-10-08,2
THE BEST HERO,2023-03-29,0
THE BEST PEACH,2025-04-27,0
THE BOOM BOX,2025-10-04,1
THE CONCENTRATION,2025-10-01,2
THE DOUBLE EAGLE,2025-03-12,0
THE EQUALIZER,2023-11-11,0
THE FINAL WORD,2023-05-21,0
THE FOXES,2024-12-08,0
THE GOLDEN KNIGHT,2025-07-13,0
THE GOLDEN SCENERY,2025-07-13,0
THE GOOD DEAL,2024-11-06,0
THE GREAT MASTER,2024-06-15,0
THE HEIR,2025-09-21,2
THE HULK,2023-06-28,0
THE IRISHMAN,2023-09-20,0
THE JOLLY,2022-10-23,0
THE KHAN,2025-03-26,0
THE LION KING,2025-10-08,3
THE MULTIPLIER,2023-07-01,0
THE PERFECT MATCH,2025-09-17,1
THE PRIME,2025-09-17,1
THE RED HARE,2025-09-21,1
THE REVOLUTION,2025-09-28,1
THE ROCK,2023-04-12,0
THE RUNNER,2023-07-01,0
THE STORM,2024-11-24,0
THE WAY WE WIN,2025-10-01,2
THE WINNABE,2024-07-06,0
THESIS,2025-05-07,0
THETA HEDGE,2023-10-29,0
THIS IS CHARISMA,2023-07-16,0
THIS IS GUTS,2023-05-24,0
THOUSAND CUPS,2025-09-10,1
THOUSAND SPIRIT,2025-09-21,1
THRIVING BROTHERS,2025-10-08,3
THUNDER BLINK,2025-09-28,1
THUNDER PRINCE,2025-09-10,1
THUNDERBOLTAURUS,2023-03-26,0
THUNDERBOLTAURUS B,2024-11-13,0
THUNDERSTRIKE,2022-12-18,0
TIANCHI MONSTER,2023-07-12,0
TIER FLY,2025-09-07,1
TIER GOODY,2023-03-11,0
TIGER AND GOLD,2024-12-18,0
TIGER LEGEND,2023-03-26,0
TIME TO FIRE,2025-09-28,1
TIMES TABLE,2025-07-05,0
TIMESTORM,2025-06-08,0
TIN FOOK,2025-09-21,1
TO INFINITY,2025-10-08,3
TOGEPI,2025-06-25,0
TOMODACHI KOKOROE,2025-09-28,1
TOP DRAGON,2025-10-01,1
TOP GUN,2025-10-01,2
TOP PEAK,2025-06-08,0
TOP SCORER,2024-10-30,0
TOP THRONE,2025-09-28,1
TOP TIME,2025-09-28,2
TOP TO SKY,2025-09-21,1
TOP TOP TEA,2024-04-20,0
TORONADO PHANTOM,2024-07-06,0
TOSHIN MACAU,2024-12-08,0
TOTAL POWER,2024-02-25,0
TOUCH FAITH,2023-04-15,0
TOURBILLON DIAMOND,2024-03-10,0
TOURBILLON FLOW,2024-01-10,0
TOURBILLON GOLFER,2025-09-14,1
TOURBILLON PRINCE,2025-10-01,1
TOWARDS SUCCESS,2023-01-15,0
TOY SOLTERO,2025-10-04,1
TOYCOON,2022-12-07,0
TRADER,2023-09-17,0
TRADITION,2025-07-09,0
TRAVEL GLORY,2023-07-12,0
TRAVEL GOLF,2025-02-26,0
TRAVEL GUIDE,2023-11-29,0
TREASURE OF FIELD,2023-05-24,0
TRIBALIST,2023-12-10,0
TRILLION WIN,2023-04-15,0
TRIPLE BLISS,2024-11-20,0
TRIPLE TRIPLE,2022-10-19,0
TRIUMPHANT MORE,2025-09-28,2
TRIUMPHANT RETURN,2023-05-13,0
TRIUMPHANT WARRIOR,2025-09-17,1
TRONIC MIGHTY,2023-10-11,0
TRUE GENIUS,2024-11-09,0
TRUE LEGEND,2024-02-18,0
TRULY FLUKE,2025-06-14,0
TRUST ME,2023-07-03,0
TSUEN WAN GLORY,2025-10-01,1
TUCHEL,2023-11-11,0
TUNG HAYE HAYE,2023-11-08,0
TURBO POWER,2023-11-08,0
TURF BRILLIANT,2023-06-25,0
TURF PHOENIX,2025-09-21,1
TURIN MASCOT,2025-09-21,1
TURIN REDSUN,2023-10-01,0
TURIN STARSPANGLED,2025-05-31,0
TURIN WARRIOR,2025-07-09,0
TURQUOISE ALPHA,2023-09-27,0
TURTLE AGAIN,2025-04-06,0
TYCOON JEWELLERY,2023-04-12,0
U S S CONSTITUTION,2025-07-01,0
U W BROTHER,2023-05-07,0
ULTRA EXPRESS,2023-06-10,0
UNBELIEVABLE,2025-03-09,0
UNISON,2024-12-29,0
UNITED ENDEAVORS,2025-01-26,0
UNITED WARRIORS,2023-10-04,0
UNITED WE STAND,2023-01-24,0
UNIVERSAL BLAZE,2024-11-27,0
UNIVERSAL CROWN,2023-03-08,0
UNIVERSAL HORIZON,2025-04-27,0
UNIVERSAL PURSUIT,2024-01-13,0
UNPRESUMING,2024-10-01,0
UNTOLD RICHES,2022-10-23,0
UP AND UP,2024-04-20,0
UP WITH CHARM,2025-05-28,0
UPTREND,2023-03-11,0
URBAN TRIUMPH,2025-07-13,0
V CHEVALIERS,2023-07-01,0
V LOVE YOU,2024-05-01,0
VALHALLA,2024-12-11,0
VALIANT ELEGANCE,2024-04-20,0
VAMOS,2024-05-29,0
VANQUISHER,2023-09-27,0
VANTASTIC CHOICE,2025-02-09,0
VERBIER,2025-10-04,2
VERY GRATEFUL,2025-10-08,2
VICTOR THE RAPID,2025-10-08,4
VICTOR THE WINNER,2025-09-28,2
VICTORIOUS SEEKER,2022-09-28,0
VICTORY CHAMPION,2025-10-01,2
VICTORY MOMENTS,2025-06-14,0
VICTORY PARK,2022-12-18,0
VICTORY PATCH,2025-04-06,0
VICTORY SCHOLARS,2023-11-19,0
VICTORY SKY,2025-10-08,3
VICTORYTHIRTYTHREE,2025-04-23,0
VIEW ALL THINGS,2025-10-04,2
VIEW OF THE WORLD,2025-07-05,0
VIGOR ELLEEGANT,2025-10-08,3
VILLA FIONN,2023-06-07,0
VINCY,2024-04-10,0
VIRTUOUS PHANTOM,2025-03-30,0
VIVA A LA,2024-10-27,0
VIVA CHALEUR,2025-10-04,1
VIVA GRACIOUSNESS,2025-10-08,3
VIVA HUNTER,2025-02-12,0
VIVA MAMA,2022-11-09,0
VIVA POPCORN,2023-05-31,0
VIVA TASTE,2025-07-05,0
VIVACIOUS WIN,2025-09-28,1
VOLCANIC SPARK,2025-05-18,0
VON BAER,2025-09-14,1
VOYAGE BOSS,2025-07-13,0
VOYAGE BUBBLE,2025-05-25,0
VOYAGE SAMURAI,2025-09-17,1
VOYAGE STAR,2022-12-18,0
VUKAN,2023-04-15,0
VULCANUS,2025-10-08,3
WAH MAY LUCK,2023-04-06,0
WAH MAY WAI WAI,2025-10-08,3
WAIKUKU,2023-04-09,0
WAKA WAKA,2023-04-19,0
WAR OF COURAGE,2024-07-01,0
WAR WEAPON,2023-07-09,0
WARM HEART,2023-12-10,0
WARRIORS DREAM,2025-10-01,1
WATCH BUDDY,2024-09-22,0
WATCH THE FORT,2025-05-18,0
WATCH THIS ONE,2025-09-28,2
WAVE GARDEN,2025-06-28,0
WAYFOONG LEGEND,2022-12-04,0
WE ARE HERO,2025-10-04,1
WE CAN PARTY,2025-09-28,1
WE THE SOUTH,2023-03-08,0
WELLINGTON,2024-01-28,0
WEST WIND BLOWS,2023-12-10,0
WHIZZ KID,2025-10-04,1
WIDE BLUE YONDER,2024-04-14,0
WILD WEST WING,2022-09-28,0
WILL POWER,2022-09-25,0
WIN BEAUTY VIVA,2025-05-28,0
WIN EASE,2025-06-22,0
WIN MARILYN,2022-12-11,0
WIN METHOD,2025-10-01,2
WIN SPEED,2025-07-13,0
WIN WIN,2023-06-04,0
WIN WIN CHARITY,2023-07-01,0
WIN WIN FIGHTER,2024-04-10,0
WIND N GRASS,2023-03-08,0
WIND SPEEDER,2025-05-28,0
WINDCHEATER,2024-03-16,0
WINDICATOR FAMILY,2025-10-08,4
WINE AND WINE,2022-11-30,0
WINGS OF WAR,2025-10-08,3
WINGSPAN,2024-12-08,0
WINNER METHOD,2024-01-07,0
WINNING CHAMPION,2025-09-21,1
WINNING CIGAR,2025-07-05,0
WINNING DATA,2025-07-01,0
WINNING DAY,2024-05-19,0
WINNING DELAGO,2023-06-28,0
WINNING DIAMOND,2025-07-16,0
WINNING DRAGON,2025-07-13,0
WINNING DREAMER,2023-05-07,0
WINNING GOLD,2025-09-28,2
WINNING HEART,2025-07-16,0
WINNING ICEY,2024-05-26,0
WINNING LION,2024-11-03,0
WINNING MACHINE,2025-09-28,2
WINNING METHOD,2023-02-12,0
WINNING MONEY,2025-07-16,0
WINNING OVATION,2025-05-04,0
WINNING SEVEN,2025-07-13,0
WINNING STEED,2022-12-24,0
WINNING STEPS,2025-03-12,0
WINNING TURN,2025-05-10,0
WINNING WING,2025-09-28,1
WINS ALL,2023-01-15,0
WINWIN THIRTYTHREE,2023-07-03,0
WISDOM STAR,2025-09-17,1
WISEMAN,2025-09-10,1
WITH A SMILE,2025-05-18,0
WITHALLMYFAITH,2025-10-04,2
WITHOUT A FIGHT,2024-12-08,0
WITHOUT DELAY,2025-09-21,1
WOLF COMING,2025-05-07,0
WONDER KIT,2025-10-01,2
WONDER YEARS,2024-02-07,0
WONDERFUL UNICORN,2024-05-05,0
WONDERSTAR,2025-10-04,3
WOOD ON FIRE,2025-05-28,0
WOODFIRE BRO,2025-09-17,1
WOODFIRE CHAMP,2025-09-10,1
WORLD FAMOUS,2023-04-19,0
WORLD HERO,2025-10-08,2
WRITTEN CASA,2025-10-08,2
WROTE A NEW PAGE,2025-10-04,2
WUKONG JEWELLERY,2025-07-05,0
WUNDERBAR,2025-10-01,1
X FACTOR,2024-07-14,0
XPONENTIAL,2024-04-03,0
YEABOI,2025-10-08,4
YEAH BUDDY,2025-04-20,0
YEE CHEONG BRAVE,2023-07-12,0
YEE CHEONG GLORY,2025-02-23,0
YEE CHEONG RAIDER,2025-09-28,1
YEE CHEONG SPIRIT,2025-09-28,1
YEE CHEONG WARRIOR,2024-06-02,0
YELLOWFIN,2025-06-22,0
YES WE CAN,2023-05-10,0
YEUX DE LIFELINE,2025-09-21,1
YIU CHEUNG VICTORY,2025-10-04,3
YO BEAUTY,2023-03-08,0
YODA'S CHOICE,2025-10-04,3
YOO YOO KNIGHT,2025-07-13,0
YOU'REMYEVERYTHING,2025-10-01,2
YOUNG ACHIEVER,2025-09-28,1
YOUNG ARROW,2025-10-08,2
YOUNG BRAVO,2025-10-04,1
YOUNG BRILLIANT,2025-10-08,3
YOUNG CHAMPION,2025-09-28,2
YOUNG EMPEROR,2025-10-08,2
YOUNG EXPLORER,2023-01-24,0
YOUNG FIGHTER,2025-09-21,1
YOUNG HORIZON,2025-10-01,1
YOUNG LEGACY,2025-06-22,0
YOUNG LIFE FOREVER,2023-12-13,0
YOUNG SPARKLE,2023-07-16,0
YOUNG STRIKER,2025-10-04,2
YOUNG SUPERSTAR,2025-09-07,1
YOUNG VICTORY,2024-05-22,0
YOUTH POWER,2025-09-10,1
YOUTHFUL DEAL,2024-06-15,0
YOUTHFUL SPIRITS,2025-10-04,2
YUEN LONG ELITE,2025-09-28,1
ZACIAN,2023-03-29,0
ZEFFIRO,2023-12-10,0
ZETTA FORCE,2025-06-25,0
ZHOU GONGJIN,2025-05-04,0
ZONE D,2023-10-04,0
ZOOM BOOM,2024-07-04,0
